	ID	Description	GeneRatio	BgRatio	pvalue	p.adjust	qvalue	geneID	Count
GO:170	GO:170	E2F4_MELCELLLINE_MM9	150/3750	356/12202	2.5990106721013803e-06	0.000262500077882239	0.000172355444570934	CCNE2/PDP1/SLF1/MCM7/ERCC5/SLC39A9/PPAT/NOP58/RFC1/ANAPC5/TATDN3/PRPF38A/DENND1A/NUP155/RFC4/ATP13A3/CCNA2/TRAIP/UBE3D/DSCC1/MSL3/ATM/ALDH6A1/TMPO/FXN/NSMCE1/WDHD1/SOCS4/NFYA/OARD1/UTP3/TSR1/RPA1/E2F2/CLSPN/CEP57L1/E2F8/YTHDF3/SLC43A3/CENPK/CCNE1/TIMELESS/SHMT2/SRSF4/CCNYL1/HELB/NEMP2/CEP41/MTO1/OIP5/ENKD1/CLHC1/CD2BP2/CEP152/CAMK2N2/RRM1/ANAPC15/KIF2C/NADK2/SLC9A5/MPZL1/DUSP1/TIPIN/RFC3/C2CD3/CDC25A/SUZ12/KMT5B/FIGNL1/AFMID/MCM3/CENPO/SLK/ESPL1/RASSF3/MBNL3/RHEBL1/POLA1/PPIL4/MAP4K1/EIF3K/CENPI/KNTC1/TICRR/FANCI/E2F1/PHF19/NOLC1/HIST1H2BB/NCAPD2/NUP153/FASTKD3/CSNK2B/BAG6/MAGOH/KCTD9/CDCA2/EIF4ENIF1/KIF15/TMEM258/MCM2/TOPBP1/NDC80/GTF2B/EMC3/FANCD2/MUTYH/MSH6/PIM1/CNTRL/RPRD1B/NBR1/BRCA1/SHCBP1/CEP250/PAQR4/ESCO2/PBK/ZCWPW1/HNRNPUL1/HAUS5/CCDC138/TMCO1/SF3B2/ATL3/PPP1R7/DTYMK/RNPS1/LIG1/NCAPD3/RBM15/GABPB2/SRSF7/FANCM/ALYREF/CNOT6/MSH2/TRIM27/GINS1/IFT122/CTC1/SHMT1/KIF13B/POLD1/NEIL3/TCF19/MED9/CORO2A/WDR90/CC2D1A	150
GO:390	GO:390	PAX5_GM12892_HG19	120/3750	288/12202	4.624810030380879e-05	0.00233552906534234	0.00153348964165261	KLF6/MDN1/VPS13A/CEP135/PHLDA1/ZNF398/ZUP1/RRAGA/ATF7IP/CEP112/MCCC2/FUT10/CPEB3/MARCH5/STOML1/PDE8A/LATS2/UQCRC1/USPL1/TMPO/TMEM39A/R3HCC1/CLEC16A/AGO1/LAMP1/GRHL1/CEP350/RIC8B/CCNG2/CFAP53/PPP1R16B/NUF2/MRPS31/BIRC3/LCK/CARS2/FAM160A2/SMPD1/RRP8/PRMT9/UFSP2/DOCK4/RRM2B/DIP2B/ETV3/EHD1/KIF18A/ATP6V0D1/SCAMP1/XRRA1/SMARCC1/UNC93B1/DTWD1/OTUD7B/SPATA4/RAB1A/KMT2E/SETDB2/FMNL3/STARD10/EIF2B1/ACAD9/RAB31/TENT4A/POLG/PPM1D/CEP95/PXK/XPO6/HPS3/IPO4/RAF1/VPS37C/MCM2/GLG1/ZNRF1/ANKS1A/FAN1/MTMR10/CISD3/LASP1/SEC61A1/ATRN/DYNC2H1/TTC4/TSFM/POR/TDRD7/TSPOAP1/CEBPG/VPS28/RECQL4/ARHGEF1/NIPA2/AMDHD2/ESCO2/GNB2/HUS1/COMMD3/CHAMP1/RHOF/YIPF1/NOP56/ABCA3/BOLA3/NUDT3/CDC25B/EIF5B/WARS/PER1/CHMP2A/METRNL/MRPS2/CLUH/TMEM205/BUD23/RAD23A/HMGA1/AKAP17A/JUNB	120
GO:163	GO:163	DDX18	121/3750	296/12202	0.000115648661522188	0.0032888132421601103	0.00215940838203321	USP38/OXR1/XXYLT1/NR4A2/KLF6/TMTC3/DDHD2/STAR/USP34/ZFP36L2/BTBD3/SCLT1/CHST11/STK4/CRYZL1/RCAN1/SPATA20/CKAP5/ANXA5/HINT2/MANF/TRAIP/DSCC1/FNIP1/ATM/NUMB/BATF/B4GALT4/PTPN22/SF3B1/GABPB1/DDX17/GMPPA/CEP57L1/IER5/SCARB2/MINDY2/DDX27/HINT3/CYFIP2/NUF2/ADIPOR2/GALNT11/ATR/DZANK1/DDX28/CAMK2G/B4GALT3/PLCXD2/GPN3/CLEC2B/AIP/ABCD3/DTWD1/DDX20/HINFP/CUTA/INPP5B/ABCB7/RAB29/DTX3L/RP2/NOTCH2/TESC/CTNNB1/DDX23/RMND5A/B4GALT1/TAPT1/ZNF174/TSC22D3/PPCDC/MIF4GD/ZKSCAN8/NOLC1/USP10/EFHD2/HIRIP3/TGFBR1/PIK3IP1/SLC2A8/DUSP14/EFTUD2/KIF18B/INPP4A/BRD7/MRM1/MRRF/MUTYH/ADA/B3GAT3/MARS/SF3B3/BRD8/USP31/INTS6L/TIMM21/PPDPF/TSC22D4/MAEA/SLC2A4/STAM/PTPN18/DSTYK/WRAP53/GABPB2/RTL6/NACC2/CHST10/DDX11/ZNF182/EHMT1/RMND5B/RPIA/IER3/NACC1/SCN5A/UPF3B/GDF15/MOB3A/GADD45B	121
GO:513	GO:513	TEAD4_SKNSH_HG19	116/3750	284/12202	0.000164832185878771	0.0032888132421601103	0.00215940838203321	RIPK2/MCM7/FUT8/SRSF5/FZD6/PDCD1LG2/GADD45A/SLC12A8/NRP1/KIF23/DUSP6/HSPA8/PLAC8/PTPN13/TEAD1/PHLDA1/ANTXR2/EHBP1/ASAP1/PTPN14/PXDN/AVPI1/BCAT1/CAV1/JADE1/ZNF367/ZMYND11/NEK6/ZCCHC4/ZFAND5/BHLHE40/LATS2/HDAC7/SLC38A2/CNN2/POPDC2/OLFML3/POLR3E/CYBRD1/SLC44A1/ID3/LMO7/HNMT/CALD1/SEH1L/NCOA7/TGFBR2/WWC2/ALCAM/PARP2/LRP6/MALT1/STAMBPL1/RTN4/PPP1R15B/PRMT5/NR1D2/TRIB1/TAGLN2/IL7R/PLEKHG4/S100A13/RNASE4/SPRED1/CLCF1/AFMID/OSMR/PRR11/KMT2E/RARA/PITPNC1/MYL12A/HRH1/GATA3/REPS1/DNAJB5/PLD1/TNIK/PLEKHA2/POLG/JUN/SPARC/CEP95/TIA1/ATXN2L/GPCPD1/CLTC/VCL/LASP1/PLXDC1/WDR74/GNG3/AHNAK/KDSR/NBR1/VPS28/SIX5/PCOLCE/KNL1/ANGPTL4/B3GNT2/WDFY1/SERPINE1/CAPN2/SPTAN1/KLF10/GINS1/VIM/PICALM/MFAP4/RPL13/TSPAN4/TMEM205/ILF3/ITGB2/JUNB	116
GO:459	GO:459	SREBF1_HEPG2_HG19	126/3750	313/12202	0.000184948821216387	0.0032888132421601103	0.00215940838203321	ACAP2/KLF6/LRRC49/SC5D/ALS2/SDCBP/PI4K2A/ZFP36L2/MGST1/CEP112/HABP4/CRYZL1/ITSN1/SIK3/BHLHE40/PFKFB2/HYAL3/IBTK/MSMO1/TIGD4/TP53BP1/RAB11FIP2/ZC3H7A/STK11IP/KLF11/LINS1/CFAP53/HMGCR/PIM2/ACSL4/TKT/TRIT1/RFX7/SHMT2/ADIPOR2/ARFIP2/KLF7/PIKFYVE/CEP41/CHP1/EXD1/SLC12A4/RANBP10/RTN4/ORAI3/DYNLRB2/HOMEZ/PRMT5/LAMTOR1/SQLE/CABIN1/TM7SF2/ANXA7/ARRDC4/TMEM53/HMGCS1/TUBE1/TP53INP2/ACSS2/ARSD/ENSA/SYNGAP1/CUTA/RRAGC/NR1D1/TMEM9/WDYHV1/PAK4/PAF1/MED29/SNX33/SLC9A3R1/CENPI/HIF1A/GM2A/PGRMC1/KAT7/FAM117A/RSPH1/MAP3K3/LRPAP1/LRRC73/TDRKH/ACLY/SLC25A33/VPS37C/FADS2/PGD/ZNF76/HSD17B7/ATP6AP1/MLXIPL/DYNC2H1/DHCR24/LZTFL1/RALB/LRRC46/TRAF3IP1/TRIM11/RUNDC1/CYB5A/NUDT2/CNDP2/TTC23L/SLC16A13/SKAP2/MVK/MMAB/TMEM97/SLC20A1/AGPAT1/CDKN1A/ARMC9/PPP1R7/LDLR/JAM3/IQCE/RFX2/EIF5B/IFT122/PANK3/NANP/NSDHL/FBXO31/TRAPPC2L/TOR2A	126
GO:400	GO:400	RELA_GM12878_HG19	169/3750	437/12202	0.000195375044088719	0.0032888132421601103	0.00215940838203321	IL23R/SAMSN1/TNK2/KLF6/PNRC1/SORL1/PLAC8/RCBTB2/CEP135/NCF2/ASAP1/ZC3H12C/FAM129A/GALC/ZFP36L2/MCFD2/ATF7IP/BCAT1/SIRPB2/CCNL1/RAD21/WHAMM/PARP8/BHLHE40/RHOH/IL7/CD226/TPMT/MBOAT1/SNTB1/TLR7/MSL3/LY96/RDH10/WARS2/BATF/TMPO/HIVEP2/STX11/CHMP7/SLC25A12/IL21R/SF3B1/FABP9/AP4E1/SPPL2A/GABPB1/SNN/DENND5A/CTSZ/BHLHE22/IER5/NFKBIE/NFKBIZ/MAP3K5/GNL3/DNAJC18/UPF2/IRF2/ZC3H10/CBLB/ALCAM/ETV6/LRP6/BIRC3/IRAK3/IRF5/NCALD/ITGAL/PPP1R15B/MDM4/RNF121/ALKBH1/CAMK2G/SLAMF1/PEA15/SLC9A8/BTBD19/GATAD2B/HAX1/NCF4/MYH9/DENND4A/P2RY10/HGSNAT/PPFIBP2/EGR2/SH2B3/CSF1/CD69/CLEC7A/CPNE8/SNX10/CTSS/RPRD2/GORAB/TLR1/TMEM156/ACKR3/CXCR5/KMT2E/ZPBP2/TRIM13/MYL12A/PHIP/FMNL3/STARD10/IRF1/ZBTB37/ITGB8/TRAF1/DNAJB2/ICAM2/HIST1H2BB/NUP153/LIMD2/LAPTM5/RFTN1/ATAD2B/RFX5/STAT5A/ATP6V0A1/DOCK10/DENND3/MITD1/MLLT6/GPBP1L1/TMEM69/TNFAIP3/SLC3A2/WDR74/PKM/NINJ1/TSPOAP1/SF3B3/HTRA2/NOD2/TIMM21/AP3M2/LAT2/SNX8/COMMD3/SYTL3/GPR55/PRMT1/UVRAG/RNF213/ZBTB4/TP53/WRAP53/ADGRG5/NEIL2/NCOA1/UQCRC2/EHMT1/CLIC2/MCOLN2/ELK4/MKNK2/IL1RN/ICAM1/CCR8/IER3/NFIC/IGFLR1/MOB3A/ITGB2/GADD45B/JUNB	169
GO:182	GO:182	EGR1_MCF7_HG19	182/3750	478/12202	0.00028983962421443303	0.00418197172080825	0.00274584907150516	PDP1/NFE2L2/VPS26A/PPP2R5E/SLC39A9/SYBU/ATP6V1C1/COIL/CSTF3/CEP19/PIGX/HSPA8/ZDHHC23/NUCB2/OSBPL8/SDCBP/ANKMY2/AVPI1/AMZ2/TOMM70/SLC30A6/PDSS2/KHDC4/ANXA5/TPMT/N4BP2L1/UBL3/ZNF410/TMED10/TMPO/DNAJC2/B4GALT4/IL4R/ZNF484/RAD23B/EMP2/WDHD1/SOCS4/NCDN/NIPSNAP1/TMEM9B/MMAA/PNKD/NFXL1/SEH1L/ITFG1/RNF145/CNOT2/PRKCD/ING2/RNASEH1/TOPORS/NEDD4/OSGEP/DHX35/CARS2/SMPD1/UXS1/CD2BP2/BCKDK/FUS/PPP1R15B/AP2M1/CEP63/ANAPC13/RNF121/SQLE/TRIB1/DRAP1/ALKBH1/CIPC/SMYD5/ARRDC4/SLC9A8/FPGT/HAX1/ARAP2/DENND4A/TENT2/C2CD3/SETX/GPR107/OTUD7B/PIGP/DDX20/ESPL1/KPNA1/TIMP1/CERS6/PRPF40B/PPCS/DPY19L1/ACAD9/TWSG1/PAK4/CCNT1/PPFIA1/MIF4GD/PTGR1/KNTC1/CDK5RAP2/ZNF652/SLC36A1/GM2A/SFXN2/ARL3/ING4/KAT7/CASP9/STRADA/ATXN2L/LGMN/CLTC/TDRKH/NKIRAS2/THNSL1/ZNRF1/PGD/IMPAD1/MCEE/MPHOSPH10/FAN1/GTF2B/TADA3/ARPC4/JAGN1/UBFD1/USP22/PDCD11/LRRC46/EGR1/SEMA4F/TTI1/RPRD1B/USP31/SECISBP2/ZFC3H1/PAQR4/SIX5/VASP/PPDPF/NUP188/HNRNPUL1/CTDNEP1/ACADVL/TMEM181/KCTD10/CHAMP1/DSTYK/PLBD2/AKAP11/PNKP/MARK3/FMNL2/PLOD3/ZNHIT1/HNRNPLL/UPF3A/SPTAN1/WDR34/TMEM131/RFX2/TMEM87B/PABPC1L/FAM3C/IFT122/SPAG7/PIMREG/RNF139/KIF13B/ENTR1/CLUH/FBXO31/PTBP1/CEP72/SFSWAP/FAM168A/MED9/IER3/SERPINB1/TPGS1/GADD45B	182
GO:224	GO:224	FOXM1_ECC1_HG19	145/3750	372/12202	0.00036202097521974904	0.00431556678711593	0.00283356651994063	NFE2L2/SLC7A11/KLF6/KIF23/DUSP6/NUDCD2/HMMR/PTPN13/AASDH/SGO2/CLDN16/PDLIM1/ATF7IP/EMP1/IFT80/SMC4/SCLT1/TPX2/RAD21/MYOF/CEP55/PBX3/ANXA1/BHLHE40/CKAP5/CENPC/RCCD1/SKA3/ZDHHC20/SPATA5/CCNA2/ZBTB5/HDAC7/MTMR6/WARS2/FOS/TMPO/USP13/VANGL1/PCBD2/DLGAP5/E2F2/WEE1/CIT/E2F8/ASPM/MED19/TMX2/CCNG2/CALD1/GAS2L3/FMN1/TIMM9/ANLN/CTNNA1/UBE2T/CYTH3/PHACTR4/NUF2/KIF14/LRP6/CDKN1B/CDC42EP4/MALT1/KBTBD2/SUN2/RHEB/ATR/GRHL2/OIP5/HP1BP3/NUP98/NUMA1/TAGLN2/KIF18A/KIF2C/NEURL1B/RFC3/KCNE3/GNAI3/CLCF1/CDK2AP2/AFMID/PRR11/CENPO/KMT2E/ESPL1/NEK2/MYL12A/RHEBL1/TROAP/MIS12/PAK4/HJURP/CCNT1/ITGB8/GLRX5/CDK5RAP2/PHF19/BUB1/NCAPD2/CBX5/TAGLN/KCTD9/CDCA2/KIF15/KIF18B/RFWD3/NDC80/CDC20/DCLRE1C/YEATS4/WDR74/SEPHS1/PKM/PIM1/SF3B3/BRD8/WBP1/USP1/KPNB1/NUDT2/IFNAR1/PBK/MAEA/HNRNPUL1/TSHZ1/CKAP2L/TXNIP/DBP/AKAP11/DTYMK/RNF4/LDLR/CENPE/MAFB/ODF2/CDC25B/PIMREG/RACGAP1/TMEM205/NEIL3/IER3/PLS3/SYCE2	145
GO:507	GO:507	TEAD4_A549_HG19	105/3750	258/12202	0.000384555456277658	0.00431556678711593	0.00283356651994063	NFE2L2/MCM7/PDCD1LG2/LGALS8/NRP1/PNRC1/RIOK3/ATP6V1A/TEAD1/EHBP1/PTPN14/CLDN16/TCTN3/ANKRD2/AVPI1/CDK6/CAV1/ZNF367/PPP2CB/ZMYND11/ANXA1/DKK1/WDR92/PDE8A/LATS2/RIN2/HDAC7/JDP2/POLR3E/PLOD2/RAD23B/MNT/IER5/THAP6/CALD1/NCOA7/WWC2/PARP2/DAGLB/LRP6/KLF7/FAM186A/RTN4/PPP1R15B/PRMT5/TRIB1/CIPC/PLAU/TAGLN2/S100A13/HMGCS1/DUSP1/DIS3L/RNASE4/CLCF1/AFMID/OSMR/PRR11/BCL9L/KMT2E/MYL12A/HRH1/STARD10/ZNF461/DNAJB5/PLD1/KNTC1/POLG/NOLC1/CLTB/TIA1/CLTC/RAF1/DUSP14/SLC45A4/DENND3/ZNF76/LASP1/PLXDC1/WDR74/AHNAK/CTDSP2/PKM/TUBG2/SLC27A4/VPS28/SIX5/KNL1/ADAMTS10/B3GNT2/GSE1/AP2A1/GABPB2/CAPN2/SPTAN1/WDR34/CALM3/GINS1/PER1/PTPRH/SPAG7/TSPAN4/IER3/PLS3/CSRNP1	105
GO:471	GO:471	STAT1_K562_HG19	87/3750	214/12202	0.00120887467980025	0.011358899942526	0.00745816254694256	RHOBTB3/PPA1/MYD88/IFI44L/ALPK1/SAMD9/CCNL1/STOML1/MAPKAPK3/CISH/CEP162/CMPK2/RSAD2/ZNF410/KCTD14/CDK17/GNB4/TMEM62/ADPRHL2/THRAP3/LAMP1/KIF2A/UBE2L6/OCIAD2/NCOA7/DDX60/IRF2/IKZF4/STAT2/NUF2/GMPR/TXLNA/SMPD1/SLFN5/HELB/ECE1/CHRD/ARRDC4/GEN1/BRIX1/RAD1/IFIT5/DENND4A/SCAMP1/CSF1/ZC3HAV1/SOCS3/HINFP/EIF2B4/PSMB8/KMT2E/PARP14/DTX3L/DDX23/TNFSF10/CHMP5/TENT5A/IRF1/GSTK1/NUP153/NKAIN1/PRTFDC1/PEX14/MITD1/PIGC/C1RL/UBFD1/N4BP1/PBK/TXNIP/S100A11/ZNF473/VRK3/ISG20/TMEM87B/WARS/VIM/SMG1/PANK3/CLIC2/NR1H2/NADK/ICAM1/PHYKPL/TRIM14/IGFLR1/GDF15	87
GO:435	GO:435	RXRA_HEPG2_HG19	108/3750	274/12202	0.00123710791453254	0.011358899942526	0.00745816254694256	NFE2L2/BDH1/PDE4D/NUDT15/SMPDL3A/MAOB/RAD17/RBP4/CTSA/BHLHE40/PACSIN3/HINT2/NHLRC1/MAPKAPK3/CISH/MST1/SLC25A20/ATP1B1/RRN3/PLOD2/ABCA1/UROS/NFYA/SLC43A2/LAMP1/ADAM17/KLF11/RNF145/PRKCD/COQ10A/KIAA2013/TECPR1/SH3BGRL2/LCK/SUN2/HERC5/RHEB/IFRD1/PPP1R15B/MMP11/TAGLN2/TMEM53/NDRG2/TCIRG1/TP53INP2/OTUD7B/GPATCH8/NR1D1/EPM2A/NOTCH2/RMND5A/KIF21B/SPIN1/CSK/SERPINC1/JUN/IST1/TMEM51/TACO1/GPCPD1/A1BG/RETREG3/TPRA1/SLC45A4/IL13RA1/MLLT6/EFNA1/MLXIPL/WDR74/CTDSP2/PHYH/PIM1/ZKSCAN2/CEBPA/TUBG2/SHCBP1/USP31/LGR5/HERC2/WDFY2/SLC2A4RG/HNRNPUL1/ACADVL/SARM1/VTN/SLC20A1/KIAA0232/APOC1/PARG/SLC30A1/AP2A1/ADGRG3/UCKL1/LDLR/BOLA3/ETFB/UPF3A/KLF10/RRP7A/SLC25A35/SMG1/VMO1/PPP1R13B/IER3/ESRRA/SERPINB1/CAPN11/TIGD2	108
GO:40	GO:40	CEBPB_MYOCYTE_MM9	149/3750	395/12202	0.00154536176708515	0.0130067948729667	0.00854015713389161	NFE2L2/PTPN12/VPS26A/SLC7A11/GADD45A/HIPK3/CAST/LGALS8/MYD88/DUSP6/GPAT3/QTRT2/TBRG1/EIF4EBP1/SLC38A7/PTGS2/IFT80/SMC4/BCAT1/AMZ2/ABCA5/RAD21/TXNDC12/ALDH1L2/NEK6/CRYZL1/ITSN1/BHLHE40/FN1/ADIPOQ/LATS2/SLC38A2/RDH10/AIG1/POLR3E/DHRS9/SMAD7/SLC9A9/RAD23B/LGALS3/MNT/STK40/ASCC2/IAH1/LRRK1/THAP6/CCNG2/PSTPIP2/TUBB6/SLC25A27/CYP39A1/ARF5/NFKBIZ/NDRG1/SLC25A30/SEC23IP/CYB5R1/SHMT2/JOSD1/ZBTB18/PRKAG2/TAF15/ZBTB38/SLC16A14/CD2BP2/PPP1R15B/CAMK2N2/KLHL24/TRIB1/RNF114/ERI3/NPR1/TNFAIP6/HMOX1/SMAD6/LHFPL2/SPRED1/PHF10/CLEC12A/OTUD7B/ETS1/OSMR/MCM3/RAB1A/TNS2/PRR13/OGT/HERPUD1/KIF21B/MAPK14/FBXO32/SNX33/HJURP/FDXR/RNF149/COP1/WBP1L/MARCH6/CEP95/TNFRSF1A/CD9/TXLNG/PXK/DDX42/CCDC47/TACO1/FAM129B/ATP6V0A1/DLX1/SH3BP5/USP44/DCLRE1C/LZTFL1/DDIT3/MARS/YWHAG/ORAI2/FBXO11/GPT2/ETF1/HMGXB3/CEBPG/BMS1/PSEN1/AACS/KNL1/SF3B2/HLX/ACADSB/IKZF5/EIF4A1/VPS36/PYCR1/ISG20/RUVBL2/WARS/GINS1/VIM/PER1/EPHB6/KDM6B/PTBP1/RPIA/FAM168A/PTPRS/GDF15/MMP19/CEBPB/GADD45B	149
GO:42	GO:42	CEBPD_K562_HG19	152/3750	405/12202	0.0017702102274691602	0.0137531717672604	0.00903022221300057	CA1/ARRDC3/RHOBTB3/NFE2L2/ACTN1/SRSF5/SLC7A11/COIL/GADD45A/CAT/CSTF3/ARF4/SAMSN1/CAST/GLB1/KLF6/BTG1/ELOVL6/ZNF202/PDS5A/ATP2A2/TATDN3/ZNF398/RHAG/CCDC18/CDK6/JADE1/SCLT1/RAD17/CCNL1/ZNF367/PRPF38A/BUD13/ANKRD40/SLC30A6/SPI1/SLC38A2/TNFRSF19/FOS/RAD23B/E2F2/BLOC1S6/IER5/SLTM/TUBB6/NCOA7/TGS1/NISCH/ANLN/IRF2/PARP2/TRNAU1AP/PSMG1/MRPS31/PIKFYVE/CPSF6/MTO1/OIP5/CTCF/ALG3/NUP98/CTSH/TRIB1/CFL1/SFXN5/PPOX/IL6R/DUSP1/SMAD6/PSMB1/CRLF3/CD69/ABHD5/ABCD3/DTWD1/KIF21A/MCL1/HDAC5/UTP25/PRR13/NUFIP2/PHIP/CTNNB1/OGT/KDM3A/NFX1/CISD1/TMEM9/EFCAB14/HSD17B11/ZFP36/BAMBI/RNF149/JUN/LYRM1/DCUN1D3/DNAJB2/MTMR9/LTBR/TNFRSF1A/FAM117A/UBASH3A/FAM8A1/ATXN2L/SLC45A4/GLG1/UNC50/C1RL/STEAP3/LZTFL1/USP22/TSFM/DDIT3/DKC1/ETF1/NABP1/BRCA1/WNK4/VPS28/UBAP1/BMS1/INTS6/AMDHD2/IRF2BP1/CCDC138/KNL1/TXNIP/GGA1/UHRF1BP1/EIF4A1/SYNRG/LDLR/GABPB2/SRSF7/ISG20/HERPUD2/ALG13/WARS/IFT122/CHMP2A/NSUN6/FBXO31/EGFL7/RPL13/FAM207A/RAD23A/ZBTB7A/SLC1A5/TLE2/MMP19/GADD45B/JUNB	152
GO:365	GO:365	NFIC_SKNSH_HG19	148/3750	395/12202	0.0021771436621082	0.0157065364194949	0.0103127857678809	EXTL2/PDCD1LG2/GADD45A/TCP11L1/KLF6/NRP1/PNRC1/SCD5/IFI44L/RHOBTB2/FAM117B/APP/PHLDA1/GJA1/LAMC1/ANTXR2/ROBO4/ASAP1/ZC3H12C/PXDN/AVPI1/ADAMTSL1/EMP1/ANKRD50/CAV1/TIPARP/NEK6/ZBTB26/BHLHE40/SGMS1/N4BP2/CREB3L1/KLHDC8B/ZNF697/HIVEP2/FUCA2/OLFML3/TIGD4/KLF9/TUSC1/XYLT1/ZNF484/WEE1/STK11IP/FAM184A/CALD1/PPP3CA/SEH1L/TGFBR2/PRKCD/CTNNA1/MYL6B/CREBL2/ENOX2/MALT1/CXCL8/ATXN1/KBTBD2/HERC5/BFSP1/TEF/BTG2/ATP2B4/OXA1L/IDH3A/CFL1/TAGLN2/BTBD19/IL7R/PLEKHG4/SERPINB6/MYH9/DUSP1/DIS3L/SPRED1/CSF1/CLCF1/SV2A/BCL9/OSMR/KMT2E/RARA/TNS2/MYL12A/FLOT2/DHRS13/PIPOX/SCN8A/HRH1/ST3GAL5/EFCAB14/FGF18/MLXIP/JUN/PPM1D/USP5/ZYX/ITGA3/NUP153/ZDHHC18/FBXO7/UBR2/GPCPD1/ZNF502/SELENBP1/TNFSF18/ACLY/SAAL1/EFTUD2/ZNF76/USP22/WDR74/AHNAK/ZCCHC24/PKM/GHRHR/NBR1/USP31/GADD45G/SLC2A4RG/LAT2/TSC22D4/ANGPTL4/MPP2/GCAT/TNS3/CDKN1A/SGSH/WDFY1/SORCS2/VPS36/ABCA3/PCOLCE2/SERPINE1/KLF10/HIF3A/ZMYM3/VIM/PER1/ASB6/TWF2/MFAP4/TSPAN4/ICAM1/TMEM205/TPGS1/SLC29A1/ABHD8	148
GO:44	GO:44	CNPPD1	111/3750	288/12202	0.00260061757936185	0.0168485738194563	0.0110626383598306	PTPN12/DPH5/GADD45A/CMC1/TNK2/NR4A2/ARAP3/BACH1/STAR/ANKMY2/RHAG/CRISP2/SERPINI1/TWF1/RAD17/RAD21/APLP2/NT5DC3/CRYZL1/RCAN1/RUNX1/ATP8A1/SPAG9/TRAIP/DSCC1/FNIP1/RANBP9/SF3B1/PDZD8/RCAN3/TUBB1/IER5/CEP350/CLEC4E/CLEC4D/RIC8B/AKR1B10/KATNBL1/TFE3/NISCH/DAGLB/DUSP16/PIKFYVE/RHEB/CCT6B/DUS2/DDX28/THAP11/STX4/ANXA7/B4GALT3/CSF2RB/TIPIN/TENT2/TUBE1/PRRC1/RREB1/GPN3/SMAD5/DTWD1/PRR13/CTNNB1/DDX23/AGAP3/MOB3C/SPIN1/PPCDC/FDXR/MIF4GD/RYBP/HIF1A/KNTC1/AK8/TRIM8/ING4/USP10/EFHD2/KCTD9/CLTC/NKIRAS2/EFTUD2/BRD7/MUTYH/DDX24/STEAP3/MARS/SSBP3/BRD8/SHCBP1/INTS6L/ROMO1/GADD45G/MAEA/B9D2/CTDNEP1/STAM/UNC119/SAP130/WRAP53/BOLA3/SEMA6C/MINDY1/UPF3A/PTDSS2/TNKS/SPAG7/CLUH/RPIA/NACC1/UPF3B/ADAT3	111
GO:498	GO:498	TCF12_SKNSH_HG19	180/3750	492/12202	0.00266908100110199	0.0168485738194563	0.0110626383598306	JMJD1C/SLC7A11/PDCD1LG2/IL23R/GADD45A/DPP4/SLC12A8/KLF6/TLE3/DUSP6/ZEB2/PLAC8/PTPN13/CHIC2/ANTXR2/ROBO4/ASAP1/PTPN14/PXDN/ANKRD2/ADAMTSL1/ARHGDIB/EMP1/CDK6/BCAT1/CAV1/JADE1/ZNF367/BNC1/ZMYND11/NEK6/DENND1A/ZMYND8/RBPJ/ITGAV/RUNX1/ANXA1/BHLHE40/LRP4/FURIN/PCED1B/IBTK/CNN2/TNFRSF19/ZNF697/AIG1/PHACTR2/POPDC2/OLFML3/PDE3A/XYLT1/SMAD7/SLC44A1/ID3/SIRT4/PLCD4/FAM184A/LMO7/HNMT/CALD1/RUNX2/GPNMB/FMN1/SALL4/ZBED2/RNF145/TGFBR2/CD63/KIAA2013/CDC42EP4/MALT1/STAMBPL1/CXCL8/ATXN1/SYNC/ZBTB18/SLFN5/BFSP1/DLC1/RTN4/BTG2/TRIB1/PLAU/RNF114/BTBD19/IL7R/PLEKHG4/TNFAIP6/PLCXD2/MYH9/DIS3L/ARHGEF40/PHF10/TMEM119/FARP1/RAB19/TGFBI/CLCF1/WWTR1/CTSS/CTTNBP2NL/BCL9/PRRX1/TLR6/MCM3/NLRX1/BCL9L/PHLDB1/RARA/RGMB/PITPNC1/SGK3/SCN8A/HRH1/GATA3/UBA3/ST3GAL5/MAPK14/PLD1/PLEKHA2/ABHD2/JUN/TRAF1/SPARC/DNAJB2/CEP85L/ABLIM1/ITGA3/NUP153/TMEM51/PXK/LAPTM5/GPCPD1/FAM129B/TNFSF18/SLC45A4/DENND3/GLG1/XPNPEP2/VCL/LASP1/WDR74/AHNAK/PKM/SSBP3/EXT1/ST3GAL2/PDGFRB/ARHGAP23/AP3M2/PCOLCE/COL5A1/SYTL3/ANGPTL4/S100A11/CDKN1A/DGKH/SGSH/PCOLCE2/ZNF248/SERPINE1/CAPN2/LPIN1/HIF3A/UBQLN2/C1QTNF6/VIM/TXNRD2/PTPRH/TWF2/ADAMTSL2/PICALM/MFAP4/TSPAN4/TMEM205/DNAJB1/CSRNP1/ITGB2/ABHD8/CEBPB	180
GO:362	GO:362	NFIC_ECC1_HG19	154/3750	418/12202	0.0038493309885824795	0.0228695546968724	0.015015966085491998	SLF1/EXTL2/VTI1B/SETD7/SYBU/SLC25A24/HSPA8/ZDHHC23/IFI44L/IFI44/CEP135/PHLDA1/CLDN16/CDC42EP3/PTGS2/ANKRD2/SCLT1/TIPARP/CPEB3/ZBTB26/CTSA/ZW10/N4BP2/TTC27/TMEM44/TREX1/DSCC1/POLR3E/TIGD4/ZNF484/E2F2/KDM1A/STK11IP/BLOC1S6/LAMP1/RAB38/LINS1/SEPT11/CALD1/MINDY2/CYP39A1/TGS1/MAP3K5/TGFBR2/ALDH4A1/STAT2/LDB3/CREBL2/ENOX2/MALT1/ADIPOR2/HERC5/PRKAG2/KLF5/IFRD1/VPS18/TEF/ZNF771/ATP2B4/IDH3A/PLEKHA8/KIF18A/GATAD2B/MCOLN1/C2CD3/KCNE3/CRLF3/FNBP1L/ARSD/KCNJ5/BCL9/MPZL3/KRT23/PIPOX/TP53I13/HRH1/SLC5A1/ST3GAL5/SH2D3A/EFCAB14/NUDT9/PAK4/ZFP36/SNTB2/RNF149/PPM1D/JMJD6/PTPN6/ACSF2/ITGA3/PXK/TACO1/UBR2/NRL/CLTC/PIK3IP1/PLA2G3/ZNF502/CCT3/SELENBP1/DNMT3A/SAAL1/MFHAS1/ZNF76/GPBP1L1/GUSB/CASTOR1/B3GAT3/PKM/TMEM120A/IL1R2/SNX14/CYFIP1/NIPA2/WDFY2/VASP/CILP/AP3M2/CLDN4/PBK/TSC22D4/CHAMP1/POP1/SLC20A1/CKAP2L/PARM1/SLC31A2/TXNIP/DSTYK/WDFY1/PTGFRN/LDLR/BDH2/PTDSS2/RNF24/NACC2/SAP30BP/ASB6/EPHB6/ZNF182/MCOLN3/IL1RN/TRAPPC2L/SERPINB1/PLS3/TPGS1/MAN2B2/CSRNP1/SLC29A1/SCAMP4/ADAT3/ABHD8/GADD45B/JUNB	154
GO:32	GO:32	CEBPB_GM12878_HG19	128/3750	343/12202	0.00487022325190925	0.0273273638023797	0.017942927770192	CEP19/PIGX/BTG1/GSTCD/NCF2/TATDN3/CCNL1/TIPARP/FRA10AC1/ZNF335/RUNX1/WDR92/TOMM70/ZBTB11/SLC30A6/RTTN/USPL1/BATF/PTPN22/POLR3E/UTP3/E2F2/IER5/CTSC/CCNI/CCNG2/NCOA7/TGS1/NISCH/UPF2/IRF2/ZC3H10/PARP2/NUF2/CCDC77/MRPS31/BIRC3/MTO1/PIGL/DUS2/ITGAL/FUS/MDM4/PRMT5/RPF2/EHBP1L1/MAP3K11/DRAP1/ADAM28/WDR36/GATAD2B/MCOLN1/RNASE4/DTWD1/DDX20/TLR1/TMEM156/ACKR3/NUFIP2/PHIP/NOTCH2/CTNNB1/RABGGTB/OGT/CXCR3/KDM3A/GTF2H3/EIF2B1/NFX1/TMEM9/PIGO/ZFP36/SNUPN/ZBTB37/POLG/JUN/TSC1/HIST1H2BB/TACO1/SPNS1/ATXN2L/EIF4ENIF1/SMG5/MITD1/TSGA10/MCEE/MPHOSPH10/GUSB/MYCBP2/TNFAIP3/LZTFL1/CCR1/SLC3A2/WDR74/DDIT3/CLASP1/BRCA1/BMS1/EVL/INTS6/ZCWPW1/GPR55/KNL1/DEGS1/B3GNT2/TXNIP/DSTYK/ZBTB4/EIF4A1/LSM3/XPC/LYSMD1/ISG20/IL2RB/ARL5B/RNF139/PICALM/EHMT1/NAGPA/RPL13/NADK/ICAM1/ILF3/SSNA1/WDR90/MOB3A/GADD45B/JUNB	128
GO:288	GO:288	KEAP1	155/3750	426/12202	0.006387996791059779	0.0339572460998441	0.0222960552818153	PALD1/GADD45A/CMC1/KIF23/ARAP3/USP46/ANTXR2/USP34/ANKMY2/NT5DC3/STK4/CTSA/RCAN1/RUNX1/BUD13/RHOH/ST6GAL1/SPAG9/RIOX2/SLC30A6/EXOSC3/HINT2/TRAIP/NCKIPSD/UBE3D/DSCC1/CMPK2/USPL1/FNIP1/R3HCC1/PTPN22/KLF9/SF3B1/GABPB1/RPA1/CTSC/KIF2A/SCARB2/MINDY2/SUPT3H/CLCN5/ANLN/DPY19L3/TRNAU1AP/KIF14/RASSF6/TXLNA/RHEB/GALNT11/NLE1/ATR/ZNF133/DUS2/OSTF1/KIF22/RPF2/CTSH/SYTL2/KIF2C/ERI3/S100A13/JMY/TENT2/USP30/GPN3/RAD9B/HVCN1/SUZ12/RAD9A/AIP/GGT7/DDX20/HINFP/UBE4A/CUTA/RASGRP1/RAB29/RP2/SPC25/DDX23/FMNL3/GTF2H3/THUMPD2/ZNF174/SRPK1/SPIN1/PAK4/PAF1/PPFIA1/FDXR/LLGL2/RYBP/HIF1A/TENT4A/SRP68/DDX31/ING4/TXLNG/DDX42/DPH3/TGFBR1/PIK3IP1/SLC2A8/CCT3/NKIRAS2/EFTUD2/BRD7/NUDT16L1/MRM1/MUTYH/B3GAT3/MARS/MAT2A/BRCA1/USP31/CYFIP1/AP3M2/TSC22D4/GPC2/EXOSC5/HNRNPUL1/SLC2A4/STAM/HYDIN/ANKRD34A/DSTYK/TCFL5/DCTN3/CTSF/CTSB/MINDY1/TSPYL2/PTDSS2/ACOT7/ABCG1/ITPRIPL1/NACC2/RASGRP4/PICALM/KIF13B/DPP7/GPD1/AP2A2/RPIA/IER3/PTPRS/CLCN7/SERPINB1/SLC12A9/SYCE2/ISOC2/SCN5A/UPF3B/ADAT3/GDF15	155
GO:26	GO:26	BRCA1	141/3750	386/12202	0.00771958913497931	0.0379564656699946	0.024921910757787005	KIF1BP/USP38/OXR1/GADD45A/KIF23/TMTC3/SERINC1/ANTXR2/PUS10/TRAF6/SERPINI1/GXYLT1/SCLT1/PDRG1/RAD21/APLP2/MAPKAP1/STK4/CRYZL1/RUNX1/BUD13/ANXA1/IL7/SLC30A6/TRAIP/RWDD2A/CMPK2/NUMB/DCLRE1B/PTPN22/TIGD4/TUSC1/GABPB1/ZMYM6/BIN1/IER5/CEP350/CTSC/RGS2/SLC43A3/TMX2/NUP54/SMAD4/CALD1/MINDY2/DDX27/RUNX2/HINT3/DDX60/TGFBR2/IL17RB/GTF2A2/CDK2/GSDME/LNX2/NUF2/CXCL8/TRIM3/NLE1/ATR/ACD/OXA1L/NKIRAS1/SPTLC2/USP21/KIF18A/PLCXD2/TIPIN/TUBE1/USP30/RAD9B/CD3D/ERBB2/ARHGAP18/RAB29/RP2/SPC25/CTNNB1/GTF2H3/DPY19L1/ZNF174/MOB3C/UNC13B/PPCDC/MAN2C1/AK8/NOLC1/CLTB/ING4/AGA/HIRIP3/CUL7/DPH3/KCTD9/CDS2/CLTC/PIK3IP1/ATAD2B/NKIRAS2/EFTUD2/G6PD/MRRF/DCLRE1C/PSPH/SMAD3/MARCO/MARS/SF3B3/MAT2A/RUNDC1/TIMM21/CYFIP1/TSC22D4/MAEA/NUP50/B9D2/HNRNPUL1/PSEN1/CTDNEP1/S100A12/LIX1L/ITGA10/DSTYK/S100A11/DGKH/WRAP53/DCTN3/MAFB/MINDY1/SERPINB8/PTDSS2/KIAA0753/ISG20/ABCG1/RHOB/ANXA4/IER3/S1PR5/SYCE2/SLC1A5/UPF3B	141
GO:361	GO:361	NFE2_K562_HG19	73/3750	186/12202	0.007891938406632541	0.0379564656699946	0.024921910757787005	NFE2L2/VPS26A/SLC7A11/ATP6V1C1/ATG3/FAM118B/SLC38A7/MFSD1/CTSA/ZMYND8/SUMF1/TREX1/CEP162/KATNAL1/THRAP3/SPPL3/RAB35/LAMP1/ARFGEF2/ITFG1/ZNF507/OSGEP/DHX35/EPB41/TPP1/IFRD1/STX4/LAMTOR1/NSMCE2/FOSL1/CREBZF/ATP6V0D1/MCOLN1/GET4/CLCF1/RAD9A/SYNGAP1/CUTA/RRAGC/FBXO30/GNS/ATXN3/FDXR/SLC36A1/RETREG2/SPNS1/CLTC/MORC2/MTMR2/ATP6V0A1/AMDHD2/NUP188/SNX8/PLD3/UVRAG/GAA/SYNRG/DYSF/RBM15/CAPN2/SMCR8/NDUFAF4/ENO1/ADNP2/BHLHB9/MTCH1/NAGPA/TRAPPC2L/ILF3/ATP6V0B/CLCN7/RAD23A/SLC1A5	73
GO:437	GO:437	SERGEF	145/3750	401/12202	0.0103446369213884	0.0444964058555394	0.0292159830005105	RHOBTB3/KIF1BP/TYSND1/SGPL1/PSAP/TRIM4/USP38/OXR1/DPP4/PTPN13/SPATS2L/SERINC1/SLC37A2/PDS5A/DDHD2/TRAF6/PDLIM1/SERPINI1/PDRG1/APLP2/STK4/SPATA20/SLC30A6/CKAP5/POPDC3/ANXA5/HINT2/NCKIPSD/UBE3D/DSCC1/USPL1/ISOC1/FNIP1/ATM/NUMB/TMED10/R3HCC1/DCLRE1B/RANBP9/TIGD4/DDX46/MOB1B/KIF27/NIPSNAP1/CEP57L1/IER5/CTSC/KIF2A/VCAN/MINDY2/RUNX2/HINT3/MAP7/STAMBPL1/TRIM3/KLF7/GALNT11/NLE1/BOD1L1/ZNF133/KIF22/STK17A/NKIRAS1/CAMK4/SCG2/ANXA7/KIF18A/JMY/TUBE1/NDUFV1/GGT7/DTWD1/DDX20/UBE4A/RASGRP1/INPP5B/ERBB2/ABCB7/PAK1/RP2/CD8A/REPS1/DPY19L1/BACE2/TSC22D3/UNC13B/MAN2C1/MIF4GD/GXYLT2/RYBP/ARMCX1/TNIK/PTPRM/TRAF1/SPARC/CLTB/DPH3/ITPK1/CDS2/TGFBR1/PIK3IP1/ZKSCAN7/ATAD2B/NKIRAS2/BACE1/BRD7/NUDT16L1/MRM1/SMAD3/MARS/TDRD7/MAT2A/SHCBP1/ZNF140/ROMO1/AP3M2/HNRNPUL1/PTPN18/ITGA10/DSTYK/TNS3/TPCN1/DGKH/SLC30A1/MYH10/BOLA3/FMNL2/GABPB2/TSPYL2/ISG20/ENOX1/CHRNE/PTPRU/GPD1/RIC8A/AP2A2/RPIA/IER3/SERPINB1/TOR2A/MAN2B2/DAGLA/GDF15/MOB3A/GADD45B	145
GO:556	GO:556	ZEB1_HEPG2_HG19	51/3750	125/12202	0.010469680352063	0.0444964058555394	0.0292159830005105	SCRN3/EXD2/SLC7A11/SORL1/GIPC2/RHOBTB2/PELO/RALGAPA2/MAL2/LRBA/PICK1/DCUN1D2/MAP7/CTNNA1/FAM84B/LNX2/ATXN1/CDH1/SLC7A7/ZNF70/KCNS3/F11R/SLC9A5/STX3/HMOX1/JMY/RAB19/FNBP1L/MPZL3/GSTO1/TAF3/SH2D3A/LRRC8B/LLGL2/LPIN3/FBXL15/CNKSR1/JUP/ZNRF1/ANKS1A/MARVELD3/CYB5A/CYHR1/ZFP62/PCYOX1L/GGA1/TAF11/SCARA3/CRB3/VMO1/TMC4	51
GO:477	GO:477	STAT5A_K562_HG19	46/3750	111/12202	0.0105734033716133	0.0444964058555394	0.0292159830005105	CA1/RHOBTB3/CAT/ARF4/GLB1/AASDH/TATDN3/ZNF398/TRAF6/RHAG/WDR92/YIPF4/CYB5R4/TCP11L2/THAP6/HINT3/RNF145/SRSF4/HELB/ATP2B4/HERC1/PPOX/NDUFV1/SOCS3/OPHN1/MAPK14/DNAJB2/UBASH3A/GPCPD1/SLC45A4/PGD/PIGC/C1RL/PLEKHB2/ZNF473/VRK3/TMEM87B/AMOTL1/WARS/PANK3/CLIC2/NR1H2/EGFL7/SERPINB1/SLC1A5/TLE2	46
GO:226	GO:226	FOXM1_MCF7_HG19	43/3750	103/12202	0.0113658907305416	0.045918198551388	0.0301495206746998	NFE2L2/KIF23/ATF7IP/TPX2/RAD21/NT5DC3/CKAP5/RCCD1/ZDHHC20/CCNA2/KCNG3/BATF/ASPM/GAS2L3/SALL4/UBE2T/NUF2/RHEB/HP1BP3/MS4A7/NEURL1B/PRR11/NEK2/SGK3/TROAP/HJURP/GLRX5/PHF19/KCTD9/CDCA2/KIF18B/ZNRF1/CDC20/GUSB/PIM1/BRD8/CKAP2L/CDC25B/C1QTNF6/ADARB1/RACGAP1/TMEM205/ITGB2	43
GO:160	GO:160	CUL2	64/3750	163/12202	0.0121325490909357	0.0471302868532501	0.030945368126677995	RHOBTB3/SGPL1/NALCN/OXR1/GADD45A/CMC1/SCD5/PTPN13/USP46/SERINC1/ANTXR2/SLC37A2/DDHD2/BTBD3/TWF1/MAPKAP1/DSCC1/CMPK2/FNIP1/USP35/USP13/B4GALT4/R3HCC1/PTPN22/CEP350/SMAD4/HINT3/GSDME/ATR/DZANK1/KIF18A/ARAP2/TIPIN/JMY/TENT2/TUBE1/USP30/SMAD5/CUTA/ERBB2/ABCB7/RP2/CTNNB1/ARAP1/B4GALT1/TSC22D3/PPCDC/EFHD2/DPH3/PIK3IP1/KIF18B/MRM1/B3GAT3/MARS/RUNDC1/ROMO1/TSC22D4/B9D2/MARK3/BOLA3/MINDY1/PTDSS2/ZMYM3/DPP7	64
GO:464	GO:464	SRF_HCT116_HG19	96/3750	260/12202	0.0181635150304974	0.0679450006696383	0.04461214218016901	EXTL2/ERCC5/ZSWIM6/RGL1/ARPC5/RFC1/ATF7IP/MAPKAPK2/PDLIM5/CCNA2/CNN2/NUMB/AREL1/FOS/TCF7/E2F8/CCDC126/CENPW/SND1/HDAC6/AKAP12/AGPAT4/UBE2T/PLOD1/CCNB1IP1/LDB3/SUN2/KLF7/DZANK1/POLR3F/MUL1/DUS2/DDX28/TBC1D10B/RRM1/CFL1/FOSL1/WDR36/EGR4/SNX18/MYH9/LACTB/EGR2/MED27/MCL1/BCL9/ATP9B/MYL12A/TAF3/EGR3/KDM3A/GTF2H3/EIF2B1/SMU1/B4GALT1/NFX1/MAPK14/POLA1/PPIL4/MOB3C/TNIK/CHMP4B/TMEM159/TEX2/ING4/ATXN1L/NUP153/UBR2/SRF/GPATCH4/PEX14/FAN1/VCL/TADA3/ARPC4/EMC3/FANCD2/ZNF26/WDR74/KDSR/EGR1/N4BP1/GADD45G/FOSB/HAUS5/IRF3/DEGS1/LIX1L/DGKH/PCOLCE2/CAPN2/RPIA/MED9/PRPF31/SSNA1/JUNB	96
GO:261	GO:261	HSF1_HEPG2_HG19	55/3750	141/12202	0.0217460141834085	0.0784409797330091	0.0515037178028095	ERCC5/DGKE/EPM2AIP1/MLH1/HSPA8/ABHD3/NOP58/SPATS2L/SARAF/FUT10/SIK3/USPL1/POLR3E/TUBGCP3/RGS2/NCOA7/PLOD1/CENPT/PRMT5/DUSP1/RNASE4/KLHL18/KIF9/KNTC1/POLG/CACYBP/JMJD6/DNAJB2/IST1/TIA1/IPO4/CCT3/LASP1/PLXDC1/PSPH/UBFD1/WDR74/MAT2A/TIMM21/BMS1/TTC23L/IER5L/ASGR2/IRF4/KNL1/B3GNT2/ZNF473/VRK3/SLC17A9/CPSF7/ZFAND2A/NAGPA/PRDX5/DNAJB1/STIP1	55
GO:218	GO:218	FOSL2_SKNSH_HG19	97/3750	267/12202	0.0276194484545974	0.0961918722039426	0.0631588113480812	PDCD1LG2/JAK2/GADD45A/SLC12A8/RHOBTB2/LAMC1/ASAP1/EMP1/CAV1/ZNF367/PPP2CB/ZMYND11/NEK6/RBPJ/RUNX1/ANXA1/SGMS1/ANKRD40/TPM2/HDAC7/SLC38A2/MSMO1/POLR3E/XYLT1/MNT/MAP7D1/STK40/FAM184A/NUAK1/LMO7/CALD1/TUBB6/NCOA7/ZBED2/TGFBR2/ANLN/CD63/ALCAM/DAGLB/IFRD1/BFSP1/RTN4/TRIB1/FOSL1/EHD3/PLAU/PEA15/TAGLN2/SYTL2/BTBD19/IL7R/PLEKHG4/S100A3/IL6R/MYH9/RNASE4/HGSNAT/CLCF1/CTTNBP2NL/BCL9/TLR6/BCL9L/NR1D1/HRH1/PLEKHA2/ABHD2/ZSCAN31/PHF19/ZYX/TIA1/FAM129B/DUSP14/DENND3/DDIT3/FBXO11/SSBP3/NBR1/TUBG2/CYFIP1/SYTL3/ANGPTL4/ZNF227/NFATC2/PCOLCE2/SERPINB8/ISG20/CAPN2/KLF10/C1QTNF6/VIM/PTPRH/ENO1/KDM6B/TMEM205/DNAJB1/SCN1B/FAM83G	97
GO:34	GO:34	CEBPB_HCT116_HG19	69/3750	184/12202	0.0286707805563954	0.0965249612065311	0.0633775149141372	CA3/NFE2L2/RBM45/PTPN12/SLC7A11/GADD45A/HIPK3/CAST/GPAT3/ALPK1/CLDN16/MAOB/SCLT1/SIRPB2/PRPF38A/NEK6/ANXA1/GFPT1/RIN2/ZNF697/IL4R/RAD23B/E2F2/SYNPO2/CCNG2/NCOA7/NISCH/IRF2/SESN2/ETV6/CXCL8/CARS2/SLFN5/ZSWIM7/CNTN1/ADAM28/CAMK2G/NUDT13/HMGCS1/SMAD6/BCL9/OSMR/TLR6/MCM3/FMO4/CDKL4/NFX1/TMEM9/FBXO32/HSD17B11/LTBR/TNFRSF1A/SLC9A1/PXK/LZTFL1/WDR74/CDCP2/SLC22A15/ETF1/SLC2A4RG/SAT1/KNL1/PHLPP1/SERPINB8/ISG20/ABCG1/KLF10/TIGD2/MMP19	69
GO:16	GO:16	BACH2	110/3750	309/12202	0.0359584682437273	0.114064480795424	0.0748938227213312	WWP1/KIF1BP/TYSND1/SGPL1/USP38/OXR1/XXYLT1/PCDHGA1/ARHGAP26/PTPN13/APP/SLC37A2/TRAF6/SERPINI1/CHST11/NT5DC3/STK4/ANXA5/CLTA/HINT2/NCKIPSD/UBE3D/CMPK2/ATM/NUMB/B4GALT4/R3HCC1/RANBP9/TIGD4/MOB1B/LUZP1/ZMYM6/CEP57L1/IER5/CEP350/MINDY2/TUBB6/HINT3/TFE3/MAP7/DGKA/DAGLB/NUF2/DUSP16/SPAG6/GALNT11/BOD1L1/KLF5/THAP11/CARMIL2/NKIRAS1/CAMK4/SCG2/ANXA7/PLCXD2/TUBE1/GPN3/CUTA/FMO4/ABCB7/CACNB3/FMNL3/REPS1/BACE2/TSC22D3/SPIN1/MAN2C1/MIF4GD/CASKIN2/LLGL2/HIF1A/ZKSCAN8/CLTB/KIF13A/ITPK1/CDS2/PIK3IP1/DUSP14/KIF18B/BACE1/INPP4A/BRD7/SMAD3/B3GAT3/MARS/TDRD7/DPP6/ZNF140/ROMO1/GADD45G/AP3M2/PTPN18/HYDIN/SF3B2/ITGA10/TPCN1/MYH10/PHLPP1/BOLA3/FMNL2/MAFB/ENOX1/RHOB/LPCAT4/CDK9/TOR2A/MAN2B2/DAGLA/GDF15/MOB3A	110
GO:433	GO:433	RXRA_GM12878_HG19	68/3750	183/12202	0.0361392414401344	0.114064480795424	0.0748938227213312	NFE2L2/TCTN3/ATF7IP/CCNL1/TIPARP/FRA10AC1/CTSA/ZCCHC4/STOML1/TMPO/DCLRE1B/POLR3E/LAMP1/ZC3H10/TRNAU1AP/CARS2/ATR/CHP1/EXD1/STK17A/RRM1/NSMCE2/RNASEH2C/DRAP1/CLDND1/CIPC/ATP6V0D1/DENND4A/RAB2B/MCM3/NFX1/POLG/NOLC1/NUP153/SLC9A1/PXK/ATAD2B/CHAF1A/EMC3/WDR74/TMEM179B/POR/PIM1/TSPOAP1/KDM3B/HTRA2/USP1/AMDHD2/SLC20A1/RHOF/TXNIP/ZBTB4/RNPS1/LYSMD1/SRSF7/CNOT6/IL2RB/FAM3C/ZNF784/RIC8A/ELK4/FAM207A/IER3/CLCN7/TOR2A/RAD23A/GADD45B/JUNB	68
GO:356	GO:356	MYOG_C2C12_MM9	70/3750	190/12202	0.0407394199884073	0.124687315722095	0.0818686908857947	NFE2L2/LMLN/DUSP6/HSPA8/PHLDA1/AVPI1/ZFP36L2/CCNL1/DTD2/AEBP2/TUSC1/DDX46/SLC9A9/SLC43A2/ID3/MMAA/LINS1/DROSHA/RUNX2/PAIP2/GTF2A2/ZC3H10/RASL11A/SYNC/PHF20L1/TRIM3/NLE1/HP1BP3/DIP2B/RTN4/OXA1L/CAMK2N2/MAP4K2/TM7SF2/MYH9/LHFPL2/SLC2A13/ZC3HAV1L/C2CD2L/YWHAH/ZFP36/FAM219B/CNIH3/LRRC8B/JUN/POLG2/FAM129B/LASP1/EGR1/GADD45G/AMDHD2/PDPK1/NSMCE4A/TMEM120B/PCYOX1L/TPCN1/EMC8/SORCS2/RGS19/BAG3/KLF10/NCOA1/VIM/SLF2/CHMP2A/SPAG7/RHOB/CDK9/DAGLA/JUNB	70
GO:219	GO:219	FOXA1_ECC1_HG19	103/3750	290/12202	0.0437328904818882	0.129769369621062	0.0852055266923074	MCM7/MAML3/UHRF2/BTG1/DUSP6/GATA6/CHIC2/ESAM/ZNF282/ANKMY2/ZFP36L2/FBXO33/FOXP2/ZNF335/ATP8A1/PLCB4/PKIA/YIPF4/KCNG3/ALDH6A1/FOS/NEDD1/IKBIP/KLF9/JADE2/UROS/WEE1/SIRT4/TCP11L2/CALD1/EFCAB11/TDP1/SREK1IP1/FMN1/KIAA0408/CCNE1/TGFBR2/ALDH4A1/ING2/ASAH1/TARDBP/DAGLB/ENOX2/CXCL8/CBY1/UFSP2/TAF15/FUS/LARP1/LRP10/EIF2B5/TRIB1/SMAD6/MBP/KLHL18/KIF9/BCL9/GTF3C2/MYL12A/HERPUD1/PSIP1/POLG/SELENBP1/ZNF300/HACL1/VCL/TADA3/ARPC4/WDR74/POR/NINJ1/NBR1/EZH1/ATP6V0C/PPDPF/GNB2/SMC1B/AKIRIN1/ARRB2/PRMT1/ALDH16A1/PIH1D1/ZFP62/DBP/AP2A1/RNF213/TP53/WRAP53/NOP56/SIGMAR1/CTSF/CENPE/CNOT6/MSH2/CALM3/UQCRC2/SFXN3/ZNF182/VIPR1/TSPAN4/TMEM205/PLS3/TPRG1L	103
GO:217	GO:217	FOSL2_MCF7_HG19	75/3750	206/12202	0.0456669906422124	0.129769369621062	0.0852055266923074	SLC25A24/GADD45A/KLF6/RHOBTB2/PUS10/ANKRD2/SAMD9/AXIN2/TES/ZNF367/ZMYND11/NEK6/ANXA1/SGMS1/SIT1/HDAC7/BATF/MAP7D1/STK40/FAM184A/NUAK1/GPNMB/ANLN/CTNNA1/CD14/FAM84B/MYL6B/DAGLB/LNX2/EPB41/LDB3/HEXB/BFSP1/RTN4/TRIB1/TAGLN2/SLC9A8/MS4A7/STX3/ARAP2/PRELID1/CLCF1/BCL9/TMEM156/BCL9L/NR1D1/ARHGEF6/SH2D3A/SNUPN/CASKIN2/PTGR1/PLD1/ZSCAN31/POLG2/ZYX/FAM129B/TAZ/EFNA1/TNFAIP3/AHNAK/VAMP5/LYPD3/S100A12/SLC20A1/GTF2IRD1/GLI3/ISG20/CAPN8/PTPRH/EHMT1/VIPR1/RAB39B/TMEM205/FPGS/ITGB2	75
GO:211	GO:211	FOSL1_C2C12_MM9	58/3750	156/12202	0.0492544085059024	0.129769369621062	0.0852055266923074	SLC25A24/IFI44L/TLR4/LAMC1/ASAP1/BACH1/PLIN2/EMP1/NT5DC3/RUNX1/SPAG9/TPM2/LGALS3/CRK/STK40/MAP3K2/SEH1L/ZFHX3/NDRG1/CD63/LDB3/ATXN1/IFRD1/SPECC1/RTN4/KCNN4/PPP1R15B/SQLE/TRIB1/WDR36/SLC9A5/SH3PXD2B/OLR1/CLCF1/ADAMTSL4/MTMR11/CTTNBP2NL/ARHGEF10L/GSTO1/NR1D1/UBA3/FMNL3/FAM13B/KANSL2/CLTC/PIK3IP1/EVI2B/TNFAIP3/SLC26A2/LGR5/TET3/ANGPTL4/SERPINB8/PRPF39/KIF13B/AP2A2/DAGLA/ITGB2	58
GO:326	GO:326	MEF2C_GM12878_HG19	33/3750	83/12202	0.0498108355476142	0.129769369621062	0.0852055266923074	OXR1/KLF6/PNRC1/GSTCD/CCNL1/ANKRD40/POLI/SLC44A1/KLF11/FAM184A/PARP2/DUSP16/KLF7/RHEB/KMT2E/ZPBP2/CTNNB1/YWHAH/ZNF529/ZNF382/RPAIN/NUP88/JUN/DNAJB2/SMG5/WDR74/TSPOAP1/BMS1/LAT2/TMED1/RHOB/VIPR1/HMGA1	33
GO:325	GO:325	MEF2A_K562_HG19	62/3750	168/12202	0.0499290444096328	0.129769369621062	0.0852055266923074	NFE2L2/OXR1/GADD45A/CRTAP/NR4A2/KLF6/ARHGEF12/STAR/TRAF6/CCNL1/CTSA/ZFAND5/ANKRD40/KLHDC8B/IKBIP/WEE1/KLF11/FAM184A/NAV1/MED18/BMPR1A/DUSP16/KLF7/RHEB/KLHL24/RASGRP2/PLEKHG4/ATP8B2/KLHL18/KIF9/SV2A/HDAC5/BCL9L/KMT2E/YWHAH/NFX1/RPAIN/NUP88/TSPAN1/ECPAS/JUN/DNAJB2/SLC9A1/SMG5/CHAF1A/WDR74/TSPOAP1/EGR1/CILP/HNRNPUL1/SLC2A4/ALOX12/ANKRD34A/DSTYK/TMED1/PARP1/CARHSP1/RHOB/PICALM/ADARB1/BAD/HMGA1	62
GO:216	GO:216	FOSL2_HEPG2_HG19	65/3750	177/12202	0.0502689827823203	0.129769369621062	0.0852055266923074	MGST2/GADD45A/CMC1/KLF6/DUSP6/SEC16B/AVPI1/RBP4/NGRN/RPAP3/USPL1/GRSF1/LAMP1/AKR1B10/TFE3/TGFBR2/MYL6B/FBXO2/PARP2/PTAFR/HEXB/IFRD1/CD109/CHP1/RTN4/TRIB1/DUSP1/RNASE4/HIGD1A/TP53INP2/MCL1/NEK2/NOTCH2/STARD10/POLG/RETREG2/TIA1/ZBTB43/FAM129B/SLC45A4/HSD17B7/LASP1/HAL/DDIT3/KDSR/CYFIP1/HERC2/HSD17B2/ZNF227/UCKL1/SERPINB8/ISG20/KLF10/SEC14L1/NINL/SPAG7/ENO1/RAB39B/NAGPA/TMEM205/DNAJB1/FAM83G/CSRNP1/SLC1A5/MMP19	65
GO:271	GO:271	JUN_HELAS3_HG19	103/3750	292/12202	0.051946399144193994	0.129769369621062	0.0852055266923074	PPA1/PDCD1LG2/GADD45A/CSTF3/KLF6/PCNX2/TEAD1/RHOBTB2/ALS2/LAMC1/CLDN16/RHAG/CLEC14A/EMP1/SAMD9/TES/ZNF367/NEK6/ZNF335/ANXA1/ANKRD40/TPM2/IL4R/STK40/FAM184A/CALD1/SALL4/TBC1D25/TFE3/ACSL4/ANLN/STX12/DUSP16/CARS2/SLFN5/IFRD1/BFSP1/RTN4/TRIB1/PLAU/TAGLN2/BTBD19/IL7R/PLEKHG4/HMGCS1/ESM1/DUSP1/DIS3L/RHOD/CLCF1/TP53INP2/MCL1/CTTNBP2NL/TLR6/BCL9L/KMT2E/NR1D1/AGTPBP1/PAK1/RP2/HRH1/PLD1/PLEKHA2/ZSCAN31/JUN/CHMP4B/TSC1/TRIM8/ABLIM1/SLC9A1/ZBTB43/FAM129B/MTMR2/TNFSF18/DUSP14/SLC45A4/PLIN3/GUSB/EXT1/ALOX5/NBR1/TUBG2/SAT1/SLC20A1/RHOF/MFSD12/NFATC2/GTF2IRD1/PCOLCE2/ISG20/CAPN2/SPTAN1/ACTR1B/ABCG1/TMEM87B/VIM/PTPRH/CARHSP1/ADNP2/TMEM205/PLS3/FPGS/CSRNP1	103
GO:405	GO:405	RELA_GM18526_HG19	169/3750	495/12202	0.0526786549946885	0.129769369621062	0.0852055266923074	NFE2L2/SERBP1/ARID4B/TNK2/CEP19/PIGX/KLF6/PNRC1/BTG1/SORL1/HSPA8/CEP135/NCF2/ZC3H12C/FAM129A/ZFP36L2/CCNL1/TIPARP/PARP8/FRA10AC1/ZNF335/IL7/SLC30A6/RTTN/USPL1/STX11/TMEM39A/POLI/KDM8/IL21R/SF3B1/AP4E1/SPPL2A/NFYA/CTSZ/IER5/NUP54/HMGCR/NFKBIE/NFKBIZ/MAP3K5/UPF2/IRF2/ALCAM/OSGEP/LRP6/ZNF570/BIRC3/IRF5/PIGL/OIP5/RANBP10/FUS/BTG2/MDM4/NKIRAS1/RPL15/RNF121/EHD1/ANXA7/SLC9A8/BTBD19/MYH9/DENND4A/SH2B3/CD69/PTPRCAP/MCL1/GRN/EIF2B4/PSMB8/KMT2E/ZPBP2/MON1B/NUFIP2/PHIP/CTNNB1/STARD10/PTCD3/HERPUD1/RPAIN/NUP88/MAP4K1/EIF3K/PAK4/PAF1/MED29/IRF1/ZBTB37/KNTC1/JUN/ITGB8/DNAJB2/NOLC1/ICAM2/HIST1H2BB/PTPN6/NUP153/CASP9/STRADA/LIMD2/CBX5/RFTN1/CLTC/ATAD2B/RFX5/STAT5A/FADS2/DOCK10/DCAKD/MITD1/MLLT6/LASP1/JAGN1/DCLRE1C/GPBP1L1/TMEM69/TNFAIP3/SLC3A2/WDR74/PKM/NINJ1/TSPOAP1/HTRA2/NABP1/USP1/NOD2/TIMM21/INTS6/VASP/NUP188/LAT2/ZCWPW1/B9D2/IRF4/COMMD3/STXBP5/PRMT1/ALDH16A1/PIH1D1/HCST/UVRAG/SLC17A9/ZBTB4/TP53/WRAP53/SRSF7/PRPF39/KLF10/COX18/EIF5B/UQCRC2/ARL5B/TMEM88/EHMT1/PTBP1/MKNK2/RPL13/ICAM1/SH3TC1/CCR8/ILF3/PRDX5/IL27RA/TPGS1/SLC1A5/IGFLR1/GADD45B/JUNB	169
GO:247	GO:247	GATA2_G1E_MM9	87/3750	244/12202	0.0546733573814478	0.131476407036339	0.0863263537601808	RIPK2/SLC10A1/SAMSN1/KIF23/DEPDC1B/ARAP3/FAM117B/ANKMY2/CLEC14A/JADE1/MFSD1/CHST11/CEP55/CRYZL1/ITSN1/WDR92/GFPT1/ATP8A1/SPI1/TMEM44/CISH/TREX1/KCTD14/CXCL14/VPS53/STK40/PXN/LAMP1/RGS13/SLC43A3/THAP6/ACSL4/OTOF/EIF2AK1/ZBTB8OS/TTC13/TEF/BTG2/PPOX/KIF2C/CRYBB1/CSF2RB/KCNE3/SMAD5/NTNG2/CRLF3/GUCD1/GDF9/CCNT1/E2F1/AK8/RETREG2/USP5/TACO1/SGF29/LAPTM5/MVB12B/CLTC/MFSD2B/RETREG3/EFTUD2/POLE/TSPOAP1/WNK4/AMDHD2/CTDNEP1/SLC13A2/IL1B/CATSPER1/TXNIP/GGA1/GSE1/SEMA6C/ALYREF/LPIN1/NLK/CRB3/IL2RB/RAC2/PHETA2/MTCH1/MKNK2/PHYKPL/GNA15/FPGS/DAGLA/NFIX	87
GO:436	GO:436	RXRA_SKNSH_HG19	31/3750	78/12202	0.0562728993966041	0.13217587997807	0.086785622080442	PDCD1LG2/NRP1/ASAP1/ANKRD2/ZNF367/CTSA/BHLHE40/ABCA1/SLC44A1/ZNF827/FAM184A/MINDY2/CEP41/RTN4/TAGLN2/BTBD19/CLCF1/OTUD7B/RARA/PITPNC1/ABHD2/IST1/ST3GAL2/ANGPTL4/SERPINE1/CAPN2/KLF10/VIM/SLC25A35/TMEM205/IER3	31
GO:420	GO:420	REST_NEURALCELL_HG19	168/3750	499/12202	0.0813521869750066	0.18529360467525102	0.121662293846179	DPH5/ERCC5/SETD7/ATP6V1C1/NRIP1/LIX1/ARID4B/EPM2AIP1/RRAGD/GSTCD/NUCB2/AASDH/BMPR2/ALS2/STRADB/ARPC5/TBRG1/NDST4/TATDN3/SCAF4/SYNJ1/ANKMY2/IRS2/SPATA7/FGFR1OP2/TIPARP/WRN/MEX3B/FRA10AC1/SIK3/TOMM70/RFC4/SPAG9/DOK6/HINT2/CYB5R4/TAF2/MAP2K4/PHACTR1/TIGD4/APBA1/PGAP1/FAM204A/PDZD8/CENPP/CSGALNACT2/PRPF8/SLC43A2/LAMP1/CEP350/SOS2/RIMKLB/RIC8B/LINS1/CCNI/CCNG2/SMAD4/DROSHA/ITFG1/TGS1/GPR158/APBB3/RNASEH1/EXOSC10/TRAPPC8/CCDC77/ANKRD10/EXOC8/ZBTB18/CCT6B/ZNF830/GRIP1/BOD1L1/TRPC1/ECE1/PRMT7/RANBP10/FUS/RPL15/PWWP2A/SQLE/ALKBH1/SDHC/NCSTN/ATP6V0D1/GLMN/TUBE1/AP5M1/GPN3/KMT5B/ABHD5/CPEB4/TP53INP2/GABRA3/GPR107/SOCS3/DDX20/PPM1G/ACVR1B/CTNNB1/PTCD3/MAP4K3/ZNF461/ZNF174/CAMSAP2/FAM13B/SNAPC3/NUDT9/PAF1/ZSCAN31/SRP68/JMJD6/TSC1/SYAP1/SAMD14/MAGOH/LRPAP1/ADD1/ZKSCAN7/KIF15/ATAD2B/ASXL2/ZNF300/RETREG3/FADS2/HACL1/UNC50/ZNF76/LASP1/MED1/ATG2B/DHCR24/USP22/SF3B3/ETF1/BRD8/RUNDC1/ZFC3H1/WDFY2/IFNAR1/NUP188/COMMD3/STAM/AACS/ANKRD34A/POLR3C/COMMD1/ACADSB/IKZF5/ZBTB4/LSM3/XPC/RNF4/NRP2/TKFC/PANK3/TRIM28/SAP30BP/MXD1/FN3KRP/SEC22C/RPL13/RMND5B/PRDX5/TOR2A/PPFIA3/JOSD2/CIAO3	168
GO:299	GO:299	MAFK_MELCELLLINE_MM9	148/3750	437/12202	0.0825565565384783	0.18529360467525102	0.121662293846179	HIPK3/TCP11L1/SLC12A8/RARS/ARHGEF12/GPAT3/LAMC1/ASAP1/STAR/CDC42EP3/HEATR5B/RHAG/ARHGDIB/SLC16A6/TIPARP/GSR/WHAMM/CEP55/ANKRD40/RIT1/CD226/SLC38A2/FRY/KATNAL1/LY96/IKBIP/YPEL5/CHMP7/DENND2C/POLR3E/CCDC173/SPG11/SORD/KDM8/SLC44A1/SLC43A2/KIF27/TMEM9B/SIRT4/BICDL1/SCML4/HS6ST1/CXXC1/ACSS1/GAS2L3/TFE3/CNOT2/PRKCD/SRA1/NAV1/SLC7A9/DHX35/TRNAU1AP/TRAPPC8/CNGA4/SLC40A1/PRMT5/AP2M1/PPIB/HERC1/TBC1D2B/IDH3A/ANXA7/BTBD19/ELMO3/NUP210L/MYH9/NEURL1B/RNASE4/SLC35F5/CORO1C/RREB1/SMARCC1/CD69/PTPRCAP/ANO10/ABHD5/SPATA21/CBL/UBE4A/CAD/CUTA/THRA/MYL12A/CACNB3/STARD10/PTCD3/MT3/SMU1/B4GALT1/CHMP5/TWSG1/FAM219B/ZBTB37/POLG/ABHD2/AK8/GBGT1/ACTR1A/ING4/NUP153/TIA1/SGF29/LST1/MAGOH/CLTC/PLIN3/LASP1/PLXDC1/ATP6AP1/TRIM35/MSH6/PIM1/LAMP2/ST3GAL2/SESN3/CYB5A/GADD45G/LGR5/ATP6V0C/ARRB2/MRC1/SLC46A1/KDM2B/KNL1/B3GNT2/SLC2A9/SLC30A1/SGSH/CTSB/CAPN8/DENND1C/SEC14L1/PARP1/TWF2/METRNL/ADNP2/FBXO31/PALM/FLOT1/IER3/TSEN34/CLCN7/GABBR1/RAD23A/SAFB/SLC5A10/CEBPB	148
GO:283	GO:283	JUND_MELCELLLINE_MM9	62/3750	174/12202	0.093230293601077	0.204701296819756	0.13440522876127803	EXD2/SCD5/LAMC1/SPATA7/ARHGDIB/WHAMM/NT5DC3/ATP13A3/FNIP1/STAU2/YPEL5/P2RY1/AEBP2/TMEM62/MOB1B/MNT/RASL10A/CEP350/CTNNA1/KLF7/UFSP2/RBP2/BCKDK/PLEKHA8/PLAU/IL7R/TADA1/CORO1C/SIAH2/FAM78A/GNAI3/ATP9B/PITPNC1/EMILIN2/HECA/SEPT8/SLC9A3R1/MARCH6/LTB/LTA/DLX1/PTGDR2/BBX/CCDC38/SERPINB5/EGR1/NABP1/PLAUR/GADD45G/NUP50/MED11/GRIA3/PCYOX1L/PREX1/KIFC3/TNKS/RPL3L/SAP30BP/NFIX/GRIK5/CLIC1/SLC29A1	62
GO:19	GO:19	BCL11A_H1HESC_HG19	26/3750	67/12202	0.0978716273574317	0.20609429163748	0.135319857979794	KLF6/DUSP6/ARHGEF12/SCAF4/ZNF827/NUP54/ZNF536/RNF219/IRF2/FGFR2/ZC3H10/POU6F1/PIPOX/ZNF664/CCDC92/CER1/CLTC/RFX5/TNFRSF11A/USP44/WDR74/PLPP2/CLDN4/AKIRIN1/KDM2B/CHMP2A	26
GO:228	GO:228	FOXP2_SKNMC_HG19	101/3750	294/12202	0.0979458019663272	0.20609429163748	0.135319857979794	RIPK2/SRSF5/EIF3E/NR4A2/PNRC1/TLE3/TMEM30A/ZNF202/IRS2/SERPINI1/CAV1/TIPARP/SARAF/RAD21/RHOH/TBC1D23/YIPF4/SKA3/QRFPR/USPL1/R3HCC1/OLFML3/POLI/ZNF484/ADPRHL2/MMAA/TTC14/THAP6/TMEM106B/ARID4A/TIMM9/NUF2/MRPS31/CEP126/TMEM71/ASNSD1/TFDP2/YWHAZ/MFAP3/KLHL24/NKIRAS1/NSMCE2/CIPC/NADK2/ATP6V0D1/MCOLN1/AIP/DTWD1/RFXAP/PIGP/TFB2M/EIF2B4/UTP25/PHIP/NOTCH2/EIF2B1/SMU1/NFX1/FBXO32/ACAD9/PSIP1/NUDT9/EIF3K/PPCDC/MTMR9/FAM8A1/CASP9/TACO1/ATXN2L/NUP133/PIK3IP1/GTF2B/ZNF26/GUSB/TMEM179B/TSFM/NABP1/HMGXB3/VPS28/TSC22D4/JMJD4/EXOSC5/PIH1D1/ENTPD4/ZBTB4/VPS36/ZNF395/FZD3/NEIL2/LYSMD1/MINDY1/ISG20/TNKS/HERPUD2/COX18/ENTR1/FBXO31/SP4/RAD23A/SSNA1/JUNB	101
GO:327	GO:327	MIR4664	45/3750	124/12202	0.10667487211388901	0.21988085884699698	0.144372007372181	SGPL1/USP38/ARHGAP26/NT5DC3/STK4/R3HCC1/RANBP9/ZMYM6/HINT3/TGFBR2/PIKFYVE/GALNT11/NKIRAS1/CAMK4/SCG2/CAMK2G/B4GALT3/ESM1/PLCXD2/ARAP2/JMY/TUBE1/DTWD1/ABCB7/REPS1/ZNF174/TSC22D3/MAN2C1/KNTC1/ZKSCAN8/PIK3IP1/SLC2A8/NKIRAS2/KIF18B/SMAD3/AGAP2/MARS/TDRD7/DPP6/ROMO1/TNS3/MYH10/FMNL2/TWF2/GDF15	45
GO:1	GO:1	AFF1	104/3750	306/12202	0.118205876379571	0.238775870286734	0.1567783202508	KIF1BP/TYSND1/GADD45A/KLF6/ARAP3/ARHGAP26/SPATS2L/STAR/PUS10/ANKMY2/ZFP36L2/MGST1/MAOB/SCLT1/RAD21/MAPKAP1/SKA3/CLTA/HINT2/MAL2/ISOC1/ATM/NUMB/USP35/TIGD4/LUZP1/UQCR10/TNKS1BP1/DDX27/HINT3/TGFBR2/NISCH/TRIT1/CDK2/DAGLB/DUSP16/FAM160A2/RHEB/GALNT11/MOSPD2/BOD1L1/DZANK1/DUS2/ACD/CAMK2G/ANXA7/KIF18A/S100A13/SMAD6/JMY/TENT2/RAD9B/ABCD3/DTWD1/DDX20/UBE4A/CUTA/INPP5B/PRR13/RP2/SPIN1/LRIG1/SERPINC1/FDXR/MIF4GD/KNTC1/SRP68/NOLC1/CLTB/AGA/HIRIP3/DPH3/KCTD9/CDS2/GPX3/NKIRAS2/KIF18B/USP22/B3GAT3/MARS/TDRD7/GPT2/MAT2A/TIMM21/ROMO1/MAEA/ANKRD34A/AGER/SLC8B1/SERPINE1/MINDY1/SERPINB8/TSPYL2/KIAA0753/ABCG1/CHST10/RHOB/ZNF182/TUBA8/RPIA/IER3/SERPINB1/ISOC2/TIGD2	104
GO:397	GO:397	PTPRE	142/3750	426/12202	0.12941156377468	0.25628564590672004	0.168275098406705	WWP1/KIF1BP/TYSND1/SGPL1/OXR1/XXYLT1/ARHGAP26/PTPN13/APP/SLC37A2/PDS5A/TRAF6/PDLIM1/TWF1/PDRG1/CHST11/STK4/ATP8A1/SPATA20/SKA3/ANXA5/HINT2/NCKIPSD/UBE3D/USPL1/NUMB/R3HCC1/DCLRE1B/TIGD4/PAG1/DDX46/MOB1B/SLC43A2/KIF27/CEP57L1/CTSC/MINDY2/HINT3/TFE3/MAP7/WWC2/NUF2/GALNT11/CCT6B/NLE1/BOD1L1/ZNF133/THAP11/CARMIL2/KIF22/STK17A/NKIRAS1/CTSH/CAMK4/PPFIA2/CAMK2G/ANXA7/B4GALT3/SYTL2/PLCXD2/ARAP2/JMY/TUBE1/NDUFV1/GGT7/ATP8B4/DTWD1/DDX20/RASGRP1/FMO4/ABCB7/SCN8A/PAK1/RP2/SPC25/CACNB3/FMNL3/CD8A/REPS1/DPY19L1/BACE2/TSC22D3/MID2/UNC13B/SPIN1/MAN2C1/MIF4GD/CASKIN2/GXYLT2/ZKSCAN8/PTPRM/TRAF1/CLTB/TXLNG/ITPK1/CDS2/PIK3IP1/KIF15/ATAD2B/NKIRAS2/KIAA1217/KIF1B/BACE1/BRD7/NUDT16L1/MRM1/B3GAT3/MARS/TDRD7/DPP6/MAT2A/RUNDC1/ZNF140/ROMO1/GADD45G/AP3M2/HNRNPUL1/PTPN18/LIX1L/ITGA10/TNS3/SERPINE2/MARK3/MYH10/PHLPP1/BOLA3/GABPB2/MINDY1/ISG20/TWF2/RASGRP4/PTPRU/AP2A2/LPCAT4/RPIA/IER3/ENDOD1/TOR2A/MAN2B2/DAGLA/GDF15/MOB3A	142
GO:196	GO:196	ESR1_ECC1_HG19	122/3750	365/12202	0.141585629459736	0.27500285721987205	0.18056466914905603	FUT8/PLEKHH1/SLC25A24/WDR78/NRP1/DUSP6/COQ2/CEP135/LAMC1/PDLIM1/ANKRD2/EMP1/TES/TIPARP/NT5DC3/GDA/ANXA1/BHLHE40/PLCB1/SLC46A2/HDAC7/JDP2/SIRT5/KLF9/POLI/CHST15/UTP3/MNT/SLC43A2/MCF2L/E2F8/GRHL1/GCNT2/VCAN/CCDC88C/SEH1L/FMN1/SFMBT1/IL17RB/FAM84B/NAB2/TECPR1/BAIAP2L1/PHACTR4/LDB3/HERC5/PRKAG2/ATF1/EHD1/CIPC/TAGLN2/BTBD19/ATP8B2/TST/KCNE3/SH2B3/SETD2/BCR/RHOD/TCIRG1/TP53INP2/OTUD7B/KCNJ1/KCNJ5/BCL9/NLRX1/RARA/KRT23/PIPOX/OPHN1/FGF18/MAN2C1/SEPT8/LRRC8B/PTGR1/PLEKHA2/NECAB3/ITGB8/PPP4C/RASA3/ITSN2/NDST1/CASTOR1/MLXIPL/TMEM120A/IL1R2/ARHGAP23/CILP/IER5L/GALNT7/RHOF/SF3B2/GAL3ST3/GGA1/CELSR1/TNS3/TPCN1/GSE1/MFSD12/GTF2IRD1/RNH1/CAPN2/LPIN1/ABCG1/KLF10/C1QTNF6/SHMT1/METRNL/KCNK6/CLUH/PORCN/TUBA8/TDRD9/CDK18/SEPT9/TMEM205/TRIM14/TMEM121B/ZBTB7A/SLC29A1/PWWP2B/ITGB2	122
GO:378	GO:378	NR2F2_MCF7_HG19	131/3750	394/12202	0.14816290415069197	0.27731995570998497	0.18208605742291897	WWP1/NFE2L2/TYSND1/MGST2/AKAP1/LRRC49/ELOVL6/PLK2/NUCB2/RHOBTB2/STRADB/CAPS2/TIPARP/FRA10AC1/SULF2/SETD4/DOP1B/DKK1/N4BP2/TOMM70/PDSS2/SLC46A2/RGP1/GBA2/IBTK/UBE3D/CYB5R4/TAF2/TRIM45/TMED10/SUCLG1/B4GALT4/SIRT5/IL4R/FBXO43/CCDC6/UROS/KREMEN1/SIRT4/MCF2L/LINS1/HNMT/NFXL1/CNOT2/SCMH1/CTNNA1/CD63/PARP2/TECPR1/KBTBD2/SMPD1/IFRD1/CTCF/ORAI3/PPP1R15B/LARP1/LRP10/RNF121/OVOL1/ALKBH1/TAGLN2/PARD6B/SLC9A8/EIF2A/SETX/RNF135/SSH3/GPR107/ZC3HAV1/OTUD7B/GPATCH8/PREB/ABCB7/NEK2/MYL12A/SHPRH/SGK3/P2RY2/UBE2D1/PIGO/SPIN1/PAK4/ZBTB37/CASKIN2/PLD1/ABHD2/LPIN3/IST1/CASP9/ZNF438/CDS2/DTNB/SLC45A4/GLG1/ZNRF1/IL13RA1/MCEE/MPHOSPH10/CHAF1A/GUSB/NSUN5/BAZ1B/YEATS4/DHCR24/DDIT3/TTI1/RPRD1B/CLDN4/HUS1/VTN/SLC20A1/RHOF/MGAT1/GGA1/TPCN1/LYSMD1/UPF3A/CAPN8/LPIN1/PPM1H/PKP2/FAM3C/RNF139/CLUH/FAM207A/IER3/SERPINB1/ZBTB7A/CRACR2B/GDF15/CEBPB	131
GO:472	GO:472	STAT2_K562_HG19	57/3750	164/12202	0.149513346405093	0.27731995570998497	0.18208605742291897	RHOBTB3/DGKE/MYD88/IFI44L/SAMD9/PRPF38A/ZMYND8/CMPK2/RSAD2/KCTD14/CDK17/TMPO/GNB4/TMEM62/ADPRHL2/KIF2A/UBE2L6/NCOA7/DDX60/IRF2/STAT2/GMPR/HERC5/SLFN5/ECE1/ARRDC4/IFIT5/SCAMP1/CSF1/UNC93B1/ZC3HAV1/SYNGAP1/CUTA/KMT2E/PARP14/DTX3L/TNFSF10/CHMP5/TENT5A/IRF1/ZSCAN31/BUB1/GSTK1/NKAIN1/STARD5/DCLRE1C/UBFD1/TDRD7/N4BP1/TXNIP/SAP130/ISG20/WARS/ARL5B/NADK/ICAM1/TRIM14	57
GO:512	GO:512	TEAD4_MCF7_HG19	31/3750	85/12202	0.15101581746583403	0.27731995570998497	0.18208605742291897	TEAD1/PTPN14/BNC1/ZMYND11/LATS2/HDAC7/BATF/POLR3E/SALL4/PARP2/EHD1/RNASE4/AFMID/PRR11/BCL9L/KMT2E/MYL12A/SGK3/ARHGEF6/SH2D3A/POLG/CEP95/TIA1/SLC45A4/WDR74/KNL1/WDR34/C1QTNF6/GINS1/ADARB1/ITGB2	31
GO:504	GO:504	TCF7L2_HEPG2_HG19	107/3750	320/12202	0.15831557686481398	0.281042736539175	0.18453040544000102	WWP1/NFE2L2/MGST2/ATP6V1C1/CCDC66/BDH1/KLF6/TLE3/DUSP6/PDE4D/GIPC2/PUS10/QPCT/CDO1/AVPI1/RRAGA/CDK6/AXIN2/DLX6/SIK3/DKK1/N4BP2/PDLIM5/PCED1B/KCNG3/MSL3/TNFRSF19/F5/SPPL2A/TCF7/SMAD7/ARHGAP28/ZNF827/NELFCD/GGH/GABRB2/HNMT/HMGCR/PLA2G7/KIAA0408/HINT3/TGFBR2/ACSL5/ALDH4A1/SCMH1/CXXC5/DHX35/MYO5A/DUSP16/STAMBPL1/SH3BGRL2/RAB20/ITIH2/ATF1/CABIN1/DCBLD2/SLC9A8/FRAS1/PHF10/SUPT20H/CTSS/EIF2B4/GSTO1/NR1D1/NEK2/UBA3/REPS1/SRPK1/SPARCL1/RNF157/C5/TRIM8/IST1/USP10/KIF13A/TMEM51/PUM1/BCAS1/MLLT6/MED1/ZNF322/EFNA1/CCDC81/MLXIPL/DHCR24/TNFAIP3/TMEM177/WDR74/DDIT3/PIM1/STOM/CYB5A/LGR5/HNRNPUL1/ASGR1/SARM1/VTN/KDM2B/YIPF1/NCOA4/FZD3/BAG3/RRP7A/VMO1/NAGPA/ST3GAL3/DNAJB1	107
GO:266	GO:266	IRF3_HEPG2_HG19	163/3750	496/12202	0.158608277056762	0.281042736539175	0.18453040544000102	EFNB2/RCL1/ARID4B/EPM2AIP1/MLH1/ACAP2/KLF6/HSPA8/VWA5A/USF3/ORC2/PI4K2A/IFT80/SMC4/TPX2/WHAMM/BHLHE40/TMEM33/YIPF4/TCERG1/BLM/ZBTB5/HINT2/MANF/IBTK/NUMB/ALDH6A1/MSMO1/PLCL1/DLGAP5/NFYA/NCDN/STK40/PNKD/ZDHHC5/MED19/TMX2/FRYL/DROSHA/ARID4A/SARNP/CBLB/ANKRD27/CEP89/MTOR/PMS2/TNRC6B/TMEM184C/KLF5/RTN4/TBC1D10B/RECQL/HOMEZ/FYN/RNF121/PWWP2A/PLEKHA8/MAP3K11/PCNX3/SPTLC2/SFXN5/ARRDC4/TMEM53/GATAD2B/SLC39A1/CREB3L4/HMGCS1/MYH9/CHD8/AP5M1/CHRNB3/C2CD3/SORT1/CDK2AP2/GOLPH3L/ENSA/MCM3/PRR11/KMT2E/MON1B/SPC25/DNAJB5/PAF1/MED29/KANSL2/FDXR/KNTC1/ABHD2/GLRX5/MEGF9/ACTR1A/BUB1/HIST1H2BB/USP5/KAT7/MAP3K3/CBX5/GLCCI1/ADD1/KCTD9/CDCA2/SLC2A8/TDRKH/JUP/DUSP14/HDAC4/DCAKD/HACL1/TPRA1/RFWD3/PGD/KIF1B/CEP164/MCEE/MPHOSPH10/CHAF1A/BAZ1B/NT5C2/CDK5RAP3/WBP1/USP1/SLC26A2/KPNB1/NBR1/CYB5A/NUDT2/ZSCAN20/CCDC61/ANKRD16/AP3M2/IER5L/HNRNPUL1/SERTAD1/STXBP5/MVK/MMAB/CKAP2L/PRMT1/AGPAT1/DSTYK/UVRAG/TPCN1/BUB3/PNKP/AP2A1/EIF4A1/MYH10/RBM15/HNRNPLL/CCDC137/RUVBL2/NLK/PANK2/EVI5L/SPAG7/MXD1/PTBP1/LAPTM4A/ERCC2/STIP1/ISOC2/PTP4A3/DDA1	163
GO:559	GO:559	ZKSCAN1_MELCELLLINE_MM9	55/3750	159/12202	0.164623777964697	0.285268138157924	0.18730477023396802	NFE2L2/ARL14EP/SCD5/MAP2K6/ZDHHC20/CNN2/POPDC2/MCUR1/SNN/SLC43A2/RAB35/OCIAD2/LDLRAD4/TKT/PTPN3/ANKRD27/LCK/SLFN5/ITGAL/ITGAX/SDHC/HAX1/ACAD10/HIGD1A/TMEM25/HPCAL1/TNFSF10/MKNK1/CEL/GM2A/CEP85/ITPK1/PSME1/SELENBP1/DOCK10/CDCP2/ACADVL/ITGA10/RASGEF1C/PNKP/SYNRG/PELI3/TNFAIP8L2/CAPN8/LPIN1/SLC25A35/ASB6/RASGRP4/MAPK7/DUSP7/ICAM1/NCF1/OCRL/AGO2/ABHD16A	55
GO:213	GO:213	FOSL1_HCT116_HG19	64/3750	187/12202	0.16753742202099803	0.285268138157924	0.18730477023396802	CA3/GADD45A/PCNX2/PLK2/LAMC1/ASAP1/CLDN16/EMP1/SAMD9/MAOB/FUT10/CHST11/NEK6/TFPI/RUNX1/ANXA1/FGF9/MSMO1/GRSF1/ZNF827/FAM184A/EFCAB11/TDP1/PPP3CA/CTNNA1/MALT1/CXCL8/ATXN1/ATR/BFSP1/CNTN1/RTN4/DRAP1/PLEKHG4/HMGCS1/MCOLN1/DENND4A/PRELID1/BCL9/TLR6/HRH1/CASKIN2/ABLIM1/PXK/FAM129B/TNFSF18/TMEM132A/SH3BP5/ZDHHC9/SSBP3/CAPG/SAT1/SYTL3/SLC20A1/MFSD12/GTF2IRD1/ISG20/CAPN2/LPIN1/AMOTL1/VIM/CARHSP1/TMEM205/DNAJB1	64
GO:199	GO:199	ESRRA_HEPG2_HG19	27/3750	74/12202	0.17067871957778902	0.285268138157924	0.18730477023396802	AKAP1/PDRG1/SIRT5/NIPSNAP1/ACSS1/TKT/KLHL24/HSD11B2/TCIRG1/TP53INP2/PAQR8/GPCPD1/VCL/FANCD2/MLXIPL/MLLT10/SSC4D/USP31/PDPK1/PTPA/HUS1/UCKL1/NUDT3/MED9/ESRRA/CDK9/ISOC2	27
GO:17	GO:17	BATF_GM12878_HG19	111/3750	334/12202	0.17229065769934	0.285268138157924	0.18730477023396802	LRRCC1/PDCD1LG2/IL23R/CMC1/PDE12/SAMSN1/CEP19/PIGX/CASP6/NCF2/ANTXR2/SLC37A2/PUS10/ANKMY2/GALC/PPHLN1/AMZ2/PARP8/NEK6/RBPJ/RUNX1/BUD13/BHLHE40/RPAP3/ENPP2/FNIP1/ATM/TMEM39A/OLFML3/POLR3E/SPG11/TRIM69/SLC9A9/KDM1A/CD28/TUBB6/UPF2/IRF2/CCNB1IP1/BIRC3/KLF7/CD93/ITGAL/LRP10/EHBP1L1/CLDND1/ADAM28/IL7R/NCF4/DENND4A/SMARCC1/CLEC7A/AIP/WWTR1/CTSS/TLR1/TMEM156/SPATA4/KMT2E/AGTPBP1/PAK1/NOTCH2/RHEBL1/HERPUD1/PSIP1/KIF3A/ZBTB37/ITGB8/KIF13A/CBX5/RFX5/HSD17B7/DCLRE1C/ASH1L/LZTFL1/CCR1/B3GAT3/NINJ1/VAMP5/NABP1/SOCS7/SECISBP2/HERC2/IL2RA/AP3M2/NUP188/SNX8/TMEM147/SYTL3/GPR55/CHAMP1/KNL1/DEGS1/YIPF1/ABCA3/PLOD3/ZNHIT1/SERPINB8/PYCR1/ISG20/WARS/TIMM44/VIM/SMG1/DDX11/RAB39B/PRDX5/RAD23A/NCF1/ITGB2/GADD45B	111
GO:278	GO:278	JUND_HCT116_HG19	57/3750	167/12202	0.19033148433453304	0.30927399607499795	0.203066823894996	GADD45A/PHLDA1/CAPS2/CLDN16/ANKRD2/EMP1/SAMD9/MAOB/CAV1/SIRPB2/ZNF367/FUT10/CHST11/TFPI/ANXA1/MSMO1/GRSF1/ZNF827/FAM184A/EPB41/CXCL8/KLF7/TAF15/IFRD1/BFSP1/RTN4/FOSL1/PLEKHG4/HMGCS1/PRELID1/CTTNBP2NL/BCL9/TLR6/HRH1/ABLIM1/TNFSF18/AIFM1/PLIN3/WDR74/KDSR/IER5L/SAT1/TACC2/JCAD/SYTL3/SLC20A1/GCAT/GTF2IRD1/CENPE/ISG20/CAPN2/VIM/TMEM205/IER3/DNAJB1/GDF15/JUNB	57
GO:243	GO:243	GATA1_K562_HG19	143/3750	437/12202	0.19291348270024603	0.30927399607499795	0.203066823894996	CA1/PSAP/PKHD1L1/GADD45A/ARF4/SAMSN1/CAST/GLB1/TMPPE/VPS13A/ZNF202/VWA5A/GATA6/RCBTB2/PHLDA1/NPL/NSD3/ZNF398/GALC/RRAGA/BCAT1/WRN/PPP1R3C/ZMYND8/RHOH/STOML1/SPI1/MSTO1/PCED1B/MAPKAPK3/CISH/MST1/KLHDC8B/CMPK2/TNFRSF19/ATM/FOS/RANBP9/PDZD8/SMAD7/RELL1/MOB1B/STK40/TUBB1/IER5/TCP11L2/SLC43A3/YPEL4/MTM1/CD99L2/HNMT/SLC14A1/TAX1BP3/RNF145/HDAC6/CLCN5/EIF2AK1/EPB41/CDC42EP4/TTC13/RDH14/PIKFYVE/SLC40A1/MTO1/SPECC1/CHP1/EXD1/MUL1/BTG2/HERC1/CTSH/EHBP1L1/ARRDC4/PPOX/PLK3/PRKAR1B/CMKLR1/SH2B3/FNBP1L/CYTH1/TLR6/UTP25/GSTO1/NENF/MYL12A/EMILIN2/VIPR2/ST3GAL5/TMEM9/NUDT9/CSK/SERPINC1/PLD1/ZSCAN31/JUN/CEL/SLC36A1/DNAJB2/ICAM2/FAM117A/NUP153/ITSN2/MFSD2B/LRRC71/JUP/RAB3IL1/SLC45A4/GLG1/STEAP3/DHCR24/TNFAIP3/WDR74/POLR2G/PKM/HTRA2/WNK4/EZH1/INTS6L/PLAUR/GADD45G/JMJD4/ALOX12/PRAM1/AGPAT1/SAP130/GSE1/SYNRG/MYH10/NUDT3/ZAP70/IL1RL1/TMEM87B/COX18/RAC2/POU2F2/ANXA4/EXOG/SLC22A13/TPRG1L/CIAO3/TLE2/PNMT/ABHD8	143
GO:212	GO:212	FOSL1_H1HESC_HG19	47/3750	137/12202	0.20540476425489604	0.324154393589758	0.21283717348780398	XXYLT1/ELOVL6/ALDH18A1/CHST11/ZCCHC4/FGF9/RANBP9/DDX17/SMPD2/NKAIN2/EFCAB11/TDP1/PSTPIP2/RASL10B/ATR/CD2BP2/PLEKHA8/DRAP1/MCOLN1/DENND4A/CRLF3/RARA/TESC/ZNF174/MOB3C/NUDT9/CASKIN2/THUMPD1/PXK/PIK3IP1/TMEM132A/KDSR/CDK5RAP3/CEBPA/PTPA/MEIS3/PLEKHB2/MPP2/MFSD12/NUDT3/AMOTL1/SYT7/AP2A2/BAD/XKRX/ISOC2/DAGLA	47
GO:416	GO:416	REST_HL60_HG19	31/3750	88/12202	0.210018503112262	0.326336443297514	0.21426988981493897	RARS/COQ2/SYNJ1/DENND1A/MAPK8IP1/ANXA5/EXOSC3/BSN/CYB5R4/CCDC6/AGO1/BICDL1/OSTM1/CDC5L/VTI1A/NPPA/HPCA/ACD/EGR4/SVOP/ATP6V1B2/NENF/UBE2D1/MCEE/MPHOSPH10/ANKS3/MEFV/LGR5/PAQR4/GCAT/NELFA	31
GO:514	GO:514	TEN1.CDK3	63/3750	188/12202	0.224661377856853	0.34379998732639605	0.22573631267913397	SGPL1/USP38/OXR1/PCDHGB5/SCD5/PTPN13/SERINC1/SLC37A2/CDK6/NT5DC3/STK4/FNIP1/ATM/NUMB/R3HCC1/RANBP9/LUZP1/ZMYM6/CEP57L1/MINDY2/HINT3/MAP7/PIKFYVE/CCT6B/BOD1L1/NKIRAS1/CAMK4/SCG2/USP21/PLCXD2/JMY/TUBE1/SMAD5/DTWD1/ARHGAP18/ABCB7/REPS1/ZNF174/TSC22D3/MAN2C1/MIF4GD/EFHD2/CDS2/PIK3IP1/NKIRAS2/INPP4A/MRM1/B3GAT3/AGAP2/MARS/TDRD7/SHCBP1/ROMO1/PTPN18/TNS3/TPCN1/MYH10/BOLA3/ENOX1/CDK9/MAN2B2/DAGLA/GDF15	63
GO:13	GO:13	ATG16L1	22/3750	62/12202	0.24694516532780397	0.37226062235982393	0.244423337245116	SGPL1/USP38/SCLT1/NT5DC3/STK4/TGFBR2/GALNT11/SCG2/B4GALT3/PLCXD2/JMY/ABCB7/REPS1/ZKSCAN8/PIK3IP1/SLC2A8/KIF18B/SMAD3/AGAP2/TDRD7/ROMO1/MYH10	22
GO:328	GO:328	MOB3B	81/3750	248/12202	0.27393275410457296	0.40687070830238	0.267148041928608	OXR1/GADD45A/TNK2/SC5D/PTPN13/ANTXR2/SLC37A2/DDHD2/TRAF6/ZFP36L2/TWF1/RCAN1/RUNX1/SPAG9/MANF/UBE3D/MAL2/ATM/USP13/ABCC1/SMAD7/TFEB/MOB1B/RCAN3/ARHGAP28/CEP350/SMAD4/TUBB6/RUNX2/HINT3/TGFBR2/TRNAU1AP/BOD1L1/KLF5/NKIRAS1/GPATCH2L/CAMK2G/PLCXD2/JMY/USP30/SMAD5/RHOD/AIP/DTWD1/NR4A1/NOTCH2/CTNNB1/FMNL3/RMND5A/REPS1/SRPK1/LRIG1/ARMCX1/SPARC/USP10/EFHD2/KCTD9/NKIRAS2/CACNB1/PSPH/SMAD3/MARS/SSBP3/ARHGAP23/RUNDC1/GADD45G/SLC2A4/STAM/RHOF/LIX1L/TPCN1/DGKH/TRAF5/BOLA3/MINDY1/PTDSS2/EHMT1/TUBA8/TDRD9/MAN2B2/NACC1	81
GO:197	GO:197	ESR1_T47D_HG19	82/3750	252/12202	0.286041624523308	0.41869860980948004	0.274914147139106	WWP1/PLEKHH1/SLC25A24/PCYT1A/KLF6/ZSWIM6/CYP2R1/CEP135/LAMC1/ROBO3/ANKRD2/TIPARP/BNC1/BHLHE40/ANKRD40/ZCCHC7/MBOAT1/BATF/MAGI3/PHACTR1/KLF9/SPPL2A/SLC44A1/MCF2L/GRHL1/BTBD18/CCDC88C/VNN2/FMN1/SLFN5/KCNQ5/BFSP1/CEP63/ANAPC13/EHD1/SLC9A8/MS4A7/CCL28/ZNF346/SETD2/OLR1/KCNJ1/TLR6/RARA/KRT23/SGK3/MID1/WDR26/ZBTB37/PTGR1/DSN1/ZSCAN31/NECAB3/LYRM1/DCUN1D3/SFXN2/ARL3/VWA2/MIR365B/NDST1/HSD17B1/BCAS1/SLC45A4/ZDHHC9/CASTOR1/USP31/IER5L/DHRSX/TPCN1/GAA/ABCA3/MINDY1/GLI3/KLF10/C1QTNF6/KCNK6/VIPR1/CLUH/ZBTB48/TDRD9/SEPT9/ITGB2	82
GO:4	GO:4	ASF1A	88/3750	272/12202	0.29974526296887705	0.428100840542899	0.281087576385645	TYSND1/PSAP/DPH5/IL17RD/XXYLT1/NR4A2/TMTC3/ANKMY2/SKA3/TRAIP/ATM/USP13/R3HCC1/SF3B1/GABPB1/MOB1B/MINDY2/TRIT1/NUF2/FAM160A2/PIKFYVE/GALNT11/MOSPD2/ATR/KLF5/DZANK1/ZNF133/THAP11/NKIRAS1/USP21/KIF18A/S100A13/ARAP2/TIPIN/TENT2/GPN3/RAD9B/HENMT1/SUZ12/RAD9A/AIP/UNC93B1/DTWD1/HINFP/UBE4A/CUTA/INPP5B/PRR13/RAB29/FMNL3/GTF2H3/B4GALT1/SRPK1/LLGL2/HIF1A/KNTC1/ZKSCAN8/NOLC1/EFHD2/CDS2/TGFBR1/CLTC/PIK3IP1/SLC2A8/EFTUD2/PSPH/USP22/B3GAT3/SF3B3/BRD8/TUBG2/SHCBP1/STAM/ANKRD34A/LIX1L/TNS3/TCFL5/GABPB2/PTDSS2/KIAA0753/ACOT7/RTL6/ENOX1/LPCAT4/CHST12/CDK9/SYCE2/ADAT3	88
GO:274	GO:274	JUND_A549_HG19	130/3750	406/12202	0.300942175035107	0.428100840542899	0.281087576385645	CCDC66/NR4A2/PNRC1/TLE3/GSTCD/DELE1/MIS18A/CDC42EP3/ANKMY2/PTGS2/AVPI1/CAV1/PPP2CB/FUT10/FRA10AC1/ZBTB26/ZNF335/BUD13/SUMF1/PRCP/SLC30A6/RIT1/KHDC4/WASL/POLR3E/SPPL2A/SLC44A1/RAD23B/CRK/ADPRHL2/TMEM9B/TUBGCP3/LAMP1/ADAM17/PYGL/COMMD6/CCNG2/TGFBR2/ALDH4A1/HARS/HARS2/RNASEH1/FAM84B/CD63/ZC3H10/DPY19L3/TARDBP/DAGLB/TRNAU1AP/STX12/SYTL1/NUF2/RHEB/NLE1/TAF15/ATR/HEXB/IFRD1/CD109/ZSWIM7/DUS2/SLC12A4/PRMT5/PPIB/NKIRAS1/NSMCE2/PLEKHA8/FOSL1/PPFIBP1/PLAU/USP21/ATP6V0D1/PLCXD2/HMOX1/MCOLN1/DENND4A/CRLF3/DTWD1/KIF21A/PPM1G/UTP25/GIT1/CTNNB1/OGT/KDM3A/EIF2B1/CISD1/ACAD9/SUPT5H/HIF1A/DDX31/SLC36A1/ZNF593/KCTD9/ATAD2B/RAF1/ZNF394/EFNA1/CTDSP2/TSFM/METTL1/POR/FBXO11/KDM3B/ZNF25/CYFIP1/AMDHD2/SAT1/JMJD4/HNRNPUL1/AKIRIN1/TMEM147/GRPEL2/ZNF227/DSTYK/S100A11/ACADSB/FXR2/NSUN6/RHOB/ENTR1/SMARCD1/NAGPA/RPIA/PRPF31/CLCN7/ZNF205/SYCE2/RAD23A/FAM83G	130
GO:510	GO:510	TEAD4_HEPG2_HG19	47/3750	143/12202	0.317718533051422	0.445688497752689	0.292635490968415	KIF1BP/SLC7A11/DUSP6/SORL1/TEAD1/TATDN3/PTPN14/TCTN3/GXYLT1/TBC1D20/PDSS2/LATS2/APEH/AMT/HIVEP2/RAD23B/GCNT2/THAP6/TGFBR2/FAM186A/CD2BP2/EXOSC8/AFMID/GRN/KMT2E/MYL12A/DNAJB5/CCNT1/THUMPD1/CLTB/CBX5/IPO4/CLTC/SLC45A4/ZNF76/CTDSP2/DDIT3/RPL27/TUBG2/SIX5/KNL1/PHLPP1/WDR34/GINS1/NANP/IER3/RAD23A	47
GO:27	GO:27	CACNG7	49/3750	150/12202	0.331249370457342	0.45830392350947297	0.30091867828136304	SGPL1/GADD45A/CMC1/RRH/PCDHGA1/STK4/RWDD2A/BATF/R3HCC1/RANBP9/MYH11/ABCC1/SMAD7/TFEB/CEP57L1/RUNX2/HINT3/MAP7/BOD1L1/SCG2/IGSF8/RHOD/FMNL3/MAN2C1/CASKIN2/KNTC1/GBGT1/CDS2/PIK3IP1/NKIRAS2/MRM1/USP22/MARS/TUBG2/SHCBP1/ROMO1/GADD45G/SLC2A4/C5AR1/RHOF/TNS3/MINDY1/ABCG1/PDZD4/PSORS1C2/RMND5B/MAN2B2/GDF15/GADD45B	49
GO:496	GO:496	TCF12_MCF7_HG19	21/3750	62/12202	0.339680854347141	0.463618463365693	0.304408162501706	NFE2L2/ANKRD2/NT5DC3/KCNG3/BATF/FMN1/TRIB1/TST/RHOD/TCIRG1/BCL9L/SGK3/SLC45A4/GLG1/WDR74/C1QTNF6/ADARB1/VIPR1/TMEM205/ITGB2/ABHD8	21
GO:260	GO:260	HNF4G_HEPG2_HG19	125/3750	394/12202	0.350299403164271	0.471736529594552	0.309738419639987	NFE2L2/MGST2/AKAP1/SRSF11/CMC1/BDH1/SEC16B/GIPC2/ORC2/SPATS2L/TATDN3/SCAF4/PUS10/ZFP36L2/SEC23A/GXYLT1/MAOB/FUT10/CTSA/UBA6/HDAC7/MST1/SLC25A20/N4BP2L1/KATNAL1/ISOC1/FNIP1/ALDH6A1/USP35/B4GALT4/VANGL1/LRP2/CCDC68/CRK/NIPSNAP1/ZNF827/TMBIM1/PYGL/LINS1/HNMT/ACSL5/IL17RB/IRF2/KIAA2013/PHACTR4/ATXN1/SUN2/TFDP2/ECE1/NFATC3/VPS54/SMYD5/TADA1/HMGCS1/CYP8B1/GPR107/KIF21A/AFMID/PRR13/NEK2/PIPOX/RABGGTB/SRPK1/PAK4/MAN2C1/SERPINC1/SLC9A3R1/TRIM8/ABLIM1/GSTK1/FTCD/IST1/TMEM51/TACO1/SLC22A7/A1BG/SLC25A33/PTGDR2/SLC45A4/IL13RA1/LASP1/POLE/EFNA1/TMEM177/TRIM35/NINJ1/TMEM150A/VAMP5/CLASP1/PEPD/BRCA1/WNK4/EZH1/CYB5A/SLC2A4RG/PTPA/ASGR1/ASGR2/VTN/SLC20A1/MGAT1/KNL1/B3GNT2/PRODH2/SF3B2/ZNF638/AGPAT1/APOE/TNS3/NCOA4/UCKL1/DENND1C/FAM3C/SNAPC2/ABAT/KIF13B/LAPTM4A/TAF4/SERPINB1/ISOC2/CSRNP1/GDF15/TIGD2/CEBPB/JUNB	125
GO:460	GO:460	SREBF2_GM12878_HG19	78/3750	244/12202	0.35957553019720895	0.476264628049127	0.312711532747212	SLF1/MCM7/PPP2R5E/KLF6/RARS/SC5D/GATAD1/WDR37/ZMYND8/YIPF4/EXOSC3/ZBTB5/CHMP7/MSMO1/POLR3E/FBXO43/VPS53/ADPRHL2/HMGCR/ENPP4/CYB5D2/NCOA7/PARP2/ADIPOR2/MRPS31/ARFIP2/MUL1/KIF22/STX4/PRMT5/SQLE/ZNF70/HMGCS1/RNASE4/PRR11/GTF2H3/EIF2B1/SMU1/MAP4K1/EIF3K/FDXR/POLG/GLRX5/AGA/TIA1/EXOC3/MAGOH/IPO4/RAB5C/BBX/LASP1/PLXDC1/POLE/DHCR24/KLHDC4/TTI1/RPRD1B/ROMO1/BMS1/PDPK1/EML2/HNRNPUL1/MAP3K10/MVK/MMAB/KNL1/B3GNT2/PNKP/DPH7/LDLR/CALM3/MRPL43/PANK3/ASB6/RIC8A/NR1H2/FAM207A/DDA1	78
GO:376	GO:376	NR2F2_HEPG2_HG19	29/3750	88/12202	0.363092835245374	0.476264628049127	0.312711532747212	TRMT13/BDH1/FAM129A/ZNF367/FILIP1L/ATP11A/ACSL5/ALDH4A1/SCMH1/ARL8A/ITIH2/MAF/SEPT1/B4GALT1/KIF21B/RNF157/C5/SLC45A4/IL13RA1/CCDC38/HAL/PDPK1/ARG1/HUS1/SLC20A1/FZD3/SERPINE1/RRP7A/VMO1	29
GO:429	GO:429	RFX5_IMR90_HG19	93/3750	293/12202	0.37394757729064204	0.48421417059429295	0.31793113858718497	ARRDC3/RAPGEF2/EMC2/RCL1/PNRC1/DUSP6/GSTCD/FAR1/TFPI/N4BP2/ALDH6A1/SPG11/KLF9/ZNF704/ZC3H7A/VPS53/LUZP1/TMBIM1/CCNG2/HMGCR/SLC2A12/NUPL2/CNOT2/SUOX/COQ10A/PMS2/TPP1/RHEB/YWHAZ/OSTF1/NUP98/NUMA1/ZNF70/IGSF8/SERPINB6/DENND4A/RNF169/ZNF365/RHOD/AASS/GOLPH3L/ENSA/PRR11/PSMB8/RBM10/RMND5A/IQSEC1/TRAF1/RSPH1/PPP2R5D/SRF/LRRC73/KCTD9/CDCA2/PIK3IP1/RFX5/ATP6V0A1/RFWD3/CEP164/TMEM231/PDGFC/TAZ/KDM4A/PKM/NABP1/KPNB1/SESN3/UBAP1/GADD45G/EML2/HAUS5/HYDIN/APOC1/COMMD1/SLC30A1/PNKP/MARK3/SERPINE1/TSPYL2/ACTR1B/EVI5L/TXNRD2/SHMT1/ABAT/PICALM/MXD1/LRRFIP1/RAB39B/TSEN34/DNAJB1/TOR2A/GRIK5/CEBPB	93
GO:282	GO:282	JUND_MCF7_HG19	47/3750	146/12202	0.38041435513107896	0.486352529977709	0.319335168197975	KLF6/PNRC1/CAPS2/NEK6/RBPJ/PDE8A/GABPB1/MAP7D1/STK40/FAM184A/CCNI/GPNMB/SALL4/TGFBR2/ANLN/CTNNA1/FAM84B/HEXB/IFRD1/RTN4/FUS/TRIB1/TAGLN2/PRELID1/MTMR11/BCL9L/KMT2E/NR1D1/GATA3/SH2D3A/CASKIN2/ZYX/IST1/CLTC/GLG1/AIFM1/TAZ/AHNAK/KDSR/ISG20/SYT7/C1QTNF6/PTPRH/EHMT1/TMEM205/FAM83G/JUNB	47
GO:251	GO:251	GATA3_A549_HG19	61/3750	193/12202	0.422352914496252	0.533220554551519	0.35010833701663	NFE2L2/OXR1/UHRF2/NR4A2/GATA6/TEAD1/ANKMY2/PTCD2/JADE1/ITSN1/PFKFB2/LATS2/SKA3/FOS/CENPP/UROS/SIRT4/LAMP1/TCP11L2/GCNT2/SREK1IP1/PQBP1/TGFBR2/TARDBP/PARP2/CXCL8/UFSP2/TAF15/FUS/CEP63/ANAPC13/DDX20/MYL12A/PSIP1/NUDT9/SUPT5H/PPCDC/COX11/POLG/SMG5/ZNF300/SLC45A4/ZNF76/MED1/TADA3/POR/IER5L/GNB2/AKIRIN1/NOP56/SYNRG/CENPE/UPF3A/CNOT6/UQCRC2/NSUN6/NANP/MTCH1/RMND5B/IER3/PLS3	61
GO:340	GO:340	MYB_MELCELLLINE_MM9	137/3750	440/12202	0.444151217195913	0.55381818440478	0.36363257548203404	NFE2L2/SLC39A9/COIL/ARF4/PCNX2/SH3KBP1/ARAP3/PTPN13/FAM117B/HYLS1/P2RX4/STAR/PUS10/CDC42EP3/SLX4IP/IFT80/SMC4/RAD17/WRN/WDR37/SIK3/WDR92/ARHGAP25/TMEM33/HDAC7/HYAL3/TAF2/MSL3/FBXO43/SF3B1/CENPP/ZC3H7A/CSGALNACT2/WEE1/CIT/CEP57L1/TXK/AQP9/CYB5D2/TIMM9/TBC1D25/PQBP1/ACTR8/PRIMPOL/UBE2T/TARDBP/NUF2/ENOX2/EXOC8/RBP2/SLC40A1/GALNT6/L3MBTL2/KCNN4/ORAI3/SNX1/ERI3/PSMB1/KCNE3/RREB1/GPN3/FAM216A/SETX/GNAI3/OLR1/PGS1/CENPO/CBL/PSMB8/RASSF3/HECA/MAPK14/SEPT8/GDF9/TACC1/GM2A/ICAM2/MILR1/TXLNG/PGRMC1/SAMD14/KAT7/LST1/CUL7/RASA3/GLCCI1/ADD1/KCTD9/CDCA2/MFSD2B/RFX5/DOCK10/ZNRF1/IMPAD1/ZDHHC9/CDC20/MRRF/RBM18/DDIT3/VAMP8/BRD8/SETD3/HMGXB3/CCDC61/PTPA/PPP1R35/B9D2/SLC16A13/IRF3/KNL1/HNRNPM/PCYOX1L/UHRF1BP1/FGFR1OP/ABCA3/TBC1D5/PLOD3/ZNHIT1/SRSF7/HNRNPLL/RUVBL2/ACOT7/CALM3/TKFC/GINS1/VIM/TRIM28/RNF139/CNTROB/PTBP1/SP4/SPG7/PBDC1/FLOT1/PRDX5/OCRL/HMGA1	137
GO:227	GO:227	FOXP2_PFSK1_HG19	34/3750	108/12202	0.46897892661387197	0.577644775463428	0.37927692396243795	SEC22A/ELOVL6/CHIC2/OSBPL8/UBE3C/AMZ2/PDLIM5/CENPC/SLC38A2/CRACR2A/CREBL2/AP2M1/EHBP1L1/GET4/CORO1C/TSPAN17/DDX20/FAM114A1/HIRIP3/KIF15/TSFM/KIAA0355/RPL27/SHCBP1/RAI14/TSC22D4/EXOSC5/PIH1D1/HNRNPM/TPCN1/ZBTB4/VSIG10/PER1/JUNB	34
GO:550	GO:550	ZBTB33_K562_HG19	141/3750	466/12202	0.607269026662107	0.738965924010516	0.48519909549413703	MTHFD1/SLC39A9/RAB33B/AKAP1/UHRF2/SERBP1/ANKRD13C/PDE12/TLE3/COQ2/CHIC2/PDS5A/UBE3C/DDHD2/RRAGA/IFT80/SMC4/FGFR1OP2/MFSD8/PDRG1/MAK16/WASHC4/CARMIL1/RBPJ/ANAPC4/ZW10/PFKFB2/RPGRIP1L/CENPC/SKA3/MST1/LYRM7/DCLRE1B/SIRT5/GMPPA/LAMP1/GGH/CEP350/RIC8B/ZDHHC5/TTC14/CDC5L/SUV39H1/HDAC6/CTNNA1/EXOSC10/TARDBP/PARP2/ZFP30/ZNF345/ARFIP2/EXOC8/FASTKD2/ASNSD1/NFATC3/FUS/HERC1/EHD1/CAMK2G/ANXA7/TTC23/CREBZF/TIPIN/RFC3/ZNF346/RAD9B/DDX20/RICTOR/TRIM37/PPM1G/SETDB2/PHF12/SHPRH/NOTCH2/TROAP/RMND5A/PPP1R12A/MAPK14/SUPT5H/PPCDC/CCNT1/COX11/SPDL1/CACYBP/AGA/YBEY/GPATCH3/ZYG11A/SMG5/CHAF1A/MED1/MYO19/G6PD/CDC20/TADA3/ARPC4/POLE/CHFR/MUTYH/PSPH/WDR74/TSPOAP1/ZKSCAN2/ETF1/EGR1/SRP19/NUDT2/ZFC3H1/HERC2/DGUOK/ALDH16A1/PIH1D1/TMCO1/GGA1/NCOA4/PARG/AKAP11/ACADSB/IKZF5/TP53/LSM3/XPC/TBC1D5/VDAC3/RBM15/LYSMD1/UPF3A/HERPUD2/ZMYM3/SNAPC2/NANP/ADARB1/ADNP2/DDX11/CNTROB/TMEM88/SEC22C/WDR44/RAD23A/JOSD2/UPF3B	141
GO:244	GO:244	GATA1_MEGAKARYOCYTE_MM9	128/3750	425/12202	0.628341638911454	0.7555060182149631	0.496059188614306	RIPK2/MCM7/GADD45A/CAT/SAMSN1/DEPDC1B/VPS13A/QTRT2/LRRC66/ROBO3/ZWINT/ANKMY2/PI4K2A/IRAK4/NT5DC3/HHEX/PFKFB2/PRCP/SPAG9/BLM/QRFPR/TRAIP/YPEL5/DENND2C/MCUR1/NSMCE1/STK40/MAP3K2/CLEC4E/RGS18/CCNG2/CRACR2A/ENPP5/NFKBIE/P2RX1/ARF5/MPHOSPH6/ZC3H10/EIF2AK1/SRSF4/SH3BGRL2/TRPC6/RRP8/TTC13/RBP2/RANBP10/POU6F1/TBC1D10B/ITGAL/PLEKHO2/VIPAS39/SLAMF1/KIF2C/FGD4/RNASE4/GPN3/FAM216A/SH2B3/UTP6/CRLF3/ABL1/ECM1/CENPO/NLRX1/KMT2E/ZPBP2/MON1B/PRR13/KPNA1/UBA3/DDX23/OGT/MAPK14/CSK/SERPINC1/KNTC1/ABHD2/JUN/GLRX5/ICAM2/PECAM1/USP5/ADD1/KCTD9/CDCA2/CLTC/MFSD2B/PEAR1/RAB5C/THNSL1/EFTUD2/UNC50/TADA3/ARPC4/DDX24/CCDC174/DDIT3/POR/FBXO11/NINJ1/TSPOAP1/ZCWPW1/B9D2/ARRB2/MVK/MMAB/RASGEF1C/GSE1/SHANK3/ETFB/LYSMD1/NLK/RAC2/PHETA2/KCNK6/SEC22C/LAPTM4A/PHYKPL/KRI1/FPGS/NCF1/ZBTB7A/F2RL3/UPF3B/SCAMP4/ADAT3/ITGB2/ABHD8	128
GO:238	GO:238	GABPA_MELCELLLINE_MM9	23/3750	79/12202	0.66350529888117	0.7792329672906759	0.511638112968344	TCP11L1/BACH1/ARHGDIB/STOML1/ANKRD46/DDX46/KDM1A/AARS2/GALNT11/UBA3/HECA/MT3/FDXR/TBXAS1/API5/KDM3B/CYB5A/HNRNPUL1/BOLA3/ENO1/MRPS2/SMARCD1/MMP19	23
GO:358	GO:358	NANOG_H1HESC_HG19	23/3750	79/12202	0.66350529888117	0.7792329672906759	0.511638112968344	KLF6/DUSP6/RBM47/SKA3/PAG1/WDHD1/SOCS4/LAMP1/RNF219/PPP1R16B/SPEF2/UCK1/NFE2L3/APH1A/ERBB2/RHEBL1/PSIP1/CER1/ABHD2/SLC2A8/GADD45G/IER5L/AKIRIN1	23
GO:293	GO:293	MAFK_GM12878_HG19	32/3750	112/12202	0.723154906356148	0.839524661401965	0.551225155480185	ARRDC3/DNAJB12/RARS/SNX24/IL10/SPATA5/RBM5/SLC25A20/TVP23A/ASPM/UBE2L6/TEC/STAU1/SREK1IP1/ARID4A/MCMBP/EXOC8/TBC1D2B/CFL1/RNASE4/GET4/CLEC7A/RYBP/ATG2B/SESN3/PCYOX1L/WDFY1/VIM/PARP1/RNF139/RAB39B/ILF3	32
GO:434	GO:434	RXRA_H1HESC_HG19	18/3750	70/12202	0.85187364986785	0.957549718578943	0.628719460869968	PDE12/NUDT15/CTSA/TCF7/ABCA1/LAMP1/GABRB2/CNOT2/TP53INP2/OTUD7B/DNAJB5/UBFD1/WDFY2/PCOLCE/GGA1/SFXN3/IER3/NFIC	18
GO:380	GO:380	NR3C1_ECC1_HG19	37/3750	137/12202	0.8519555290591949	0.957549718578943	0.628719460869968	SETD7/RRAGD/DUSP6/RHOBTB2/PTPN14/CLDN16/PDLIM1/EMP1/PON2/NEK6/SKA3/KHDC4/HDAC7/TNKS1BP1/FMN1/CYTH3/IFRD1/ATF1/TAGLN2/DUSP1/CLCF1/NLRX1/FGF18/ITGB8/FAM129B/SLC45A4/CASTOR1/IL1R2/GAL3ST3/KIAA0232/CELSR1/CDKN1A/KLF10/HIF3A/PER1/SLC29A1/PNMT	37
GO:375	GO:375	NR2C2_K562_HG19	68/3750	244/12202	0.853262125466385	0.957549718578943	0.628719460869968	SLF1/USP38/CSTF3/ATP6V1A/PUS10/TOMM70/SPATA5/TAF2/TMED10/DCLRE1B/RANBP9/KDM8/NCDN/GCN1/ATP11A/NFXL1/CNOT2/ERCC4/DHX35/PIKFYVE/SEPT1/MFAP3/RNF121/MAP3K11/PCNX3/ALKBH1/SMYD5/ERI3/SNX18/TENT2/LACTB/PNPLA4/GPR107/TMEM25/NEK2/PHF12/SHPRH/FBXO30/TAF3/PAK4/CHMP4B/FBXL15/FTSJ3/DDX42/CCDC47/MORC2/RAF1/PEX14/PGD/TBXAS1/HIPK2/FAN1/ANKS3/BAZ1B/TTI1/RPRD1B/RPL27/VPS28/ROMO1/HUS1/TMCO1/DPH7/LYSMD1/MRPL43/EHMT1/NACC1/SCAMP4/ADAT3	68
GO:285	GO:285	JUND_T47D_HG19	16/3750	64/12202	0.872536275507938	0.968419382706613	0.635856395107	CAPS2/NEK6/HDAC7/CTNNA1/TRIB1/MS4A7/GATA3/ARHGEF6/SH2D3A/JUN/DUSP14/WDR74/KDSR/EHMT1/TMEM205/IER3	16
GO:223	GO:223	FOXA2_HEPG2_HG19	63/3750	231/12202	0.8901975313767501	0.977282072489693	0.641675566095369	CCNE2/SLC29A3/MAML3/BDH1/KLF6/DUSP6/PDE4D/PUS10/ZNF282/ABCA5/FOXP2/RBP4/YIPF4/ALDH6A1/HIVEP2/PLOD2/PYGL/HNMT/TGFBR2/ENOX2/KLF7/KLF5/ITIH2/SLC17A5/FAM186A/TRIB1/DUSP1/RNASE4/KLHL18/KIF9/AFMID/OTUD7B/RICTOR/GSTO1/OGT/REPS1/CPB2/C5/RETREG2/TIA1/NUP133/SLC25A33/HACL1/SLC45A4/HAL/CTDSP2/PIM1/VAMP5/SMC1B/ARG1/ARRB2/VTN/PIH1D1/UHRF1BP1/NCOA4/PHLPP1/LDLR/SERPINE1/MSH2/ZNF182/TMEM205/TPRG1L/JUNB	63
GO:381	GO:381	NR3C1_HEPG2_HG19	38/3750	145/12202	0.900956568722305	0.9784582090425029	0.6424478079174331	TLE3/PDE8A/LYRM7/TMEM39A/ZNF484/CEP350/CXXC1/RRM1/GTF3C2/GTF2H3/EIF2B1/PPIL4/COX11/CDK5RAP2/ATXN1L/KAT7/NUP153/XPO6/DPH3/KIF15/SMG5/CCDC86/NDC80/MED1/EMC3/FANCD2/KDSR/USP31/N4BP1/MTHFSD/WDR34/TMEM131/SYT7/FBXO31/PTBP1/NELFA/TPGS1/SSNA1	38
GO:372	GO:372	NR2C2_GM12878_HG19	105/3750	381/12202	0.9233538023879141	0.9921141919274391	0.6514142166902409	SLF1/ALG14/USP38/CSTF3/RARS2/ORC3/ATP6V1A/PUS10/TOMM70/SPATA5/TAF2/TMED10/B4GALT4/DCLRE1B/KDM8/RAB11FIP2/KLHL28/UROS/TSR1/NCDN/GCN1/ATP11A/NFXL1/CNOT2/ERCC4/NUDT5/GTF2A2/DHX35/CCDC77/PIKFYVE/BOD1L1/KCNN4/SEPT1/MFAP3/VPS54/RNF121/MAP3K11/PCNX3/ALKBH1/SMYD5/ERI3/SNX18/TENT2/LACTB/PNPLA4/RREB1/ACAD10/TBC1D10C/MANEA/GPATCH8/TMEM25/PHF12/SHPRH/FBXO30/TAF3/B4GALT1/STOML2/PAK4/CHMP4B/GLRX5/FBXL15/TEX2/FBXO7/FTSJ3/DDX42/CCDC47/MORC2/RAF1/PEX14/PGD/TBXAS1/HIPK2/FAN1/LASP1/C2CD2/BAZ1B/DYNC2H1/BRD8/TTI1/RPRD1B/RPL27/THOC2/VPS28/ROMO1/HUS1/ASGR2/COMMD3/TSHZ1/TMCO1/TAS1R3/DPH7/LYSMD1/NACC2/MRPL43/TWF2/POU2F2/ZDHHC15/EHMT1/CLUH/ESRRA/TTYH1/NACC1/SCAMP4/ADAT3/DDA1	105
GO:577	GO:577	ZZZ3_HELAS3_HG19	30/3750	125/12202	0.9613515105300021	0.9999999212496041	0.656591923280094	NUCB2/RUNX1/MTBP/RDH10/CCDC68/CENPP/UTP3/TYR/TIMM9/ZFHX3/VTI1A/TBX3/UBE2T/ALCAM/PIGL/KIF18A/USP30/BCL9/ZNF41/MTMR9/IPO4/SSBP3/SF3B3/RPL27/BMS1/SMC1B/KCTD10/FANCM/ZMYM3/NR1H2	30
GO:202	GO:202	ETS1_GM12878_HG19	29/3750	122/12202	0.964493613647645	0.9999999212496041	0.656591923280094	UHRF2/RRAGA/MAK16/CENPC/LAMP1/GGH/ZDHHC5/TTC14/NUDT5/NFATC3/RICTOR/PHF12/SPC25/SUPT5H/PPCDC/CCNT1/AGA/SMG5/MYO19/POLE/WDR74/TSPOAP1/ZKSCAN2/ZFC3H1/DGUOK/LSM3/XPC/SEC22C/JOSD2	29
GO:576	GO:576	ZZZ3_GM12878_HG19	44/3750	177/12202	0.96517536086675	0.9999999212496041	0.656591923280094	GSTCD/TATDN3/PUS10/FRA10AC1/LSG1/MTBP/RDH10/CENPP/SYNPO2/ZNF827/TIMM9/VTI1A/ZC3H10/ALCAM/NUF2/MRPS31/LCK/EIF4G3/ALKBH1/WDR36/KIF18A/SPRED1/USP30/KIAA1324/KCNJ5/BCL9/MAN2C1/TACO1/PUM1/IPO4/SH2D2A/MITD1/GPBP1L1/TMEM69/SSBP3/RPL27/BMS1/JMJD4/KCTD10/MEIS3/GRIA3/DSTYK/ZMYM3/NR1H2	44
GO:413	GO:413	REST_HCT116_HG19	58/3750	287/12202	0.9999814075134801	0.9999999212496041	0.656591923280094	TRIM4/RIMS2/ROBO3/SYNJ1/SLC7A14/DENND1A/CNRIP1/SPAG9/MAPK8IP1/EXOSC3/BSN/CYB5R4/ALK/RIC3/BICDL1/TRIM9/PRMT8/PTPRR/GPR158/NPPA/HPCA/CNTN1/ACD/CAMK2N2/TIGD3/SCG2/ZSWIM5/SVOP/ATP6V1B2/ONECUT2/KCNC2/EPHA10/PHF12/ANKRD13B/SCN8A/GHSR/FGF18/RAB37/CASKIN2/FBXL15/RAB11FIP4/DNMT3A/ATP6V0A1/SEC14L5/SEPHS1/INA/VSTM2L/LGR5/PAQR4/CYP2B6/TMEM181/SARM1/PLBD2/RNF213/L1CAM/COL5A3/TMEM121B/PPFIA3	58
GO:418	GO:418	REST_MCF7_HG19	104/3750	466/12202	0.999985404549634	0.9999999212496041	0.656591923280094	NFE2L2/RBM45/TRIM4/RIMS2/PDCD1LG2/GADD45A/NRIP1/COQ2/ROBO3/SYNJ1/FAM234B/SLC7A14/MEX3B/PBX3/DENND1A/CNRIP1/SPAG9/TCERG1/MAPK8IP1/ANXA5/EXOSC3/BSN/CYB5R4/FAM161B/COQ6/ALK/GABPB1/NCDN/AGO1/RIC3/BICDL1/OSTM1/XPR1/CEP350/TRIM9/PRMT8/CDC5L/ZFP64/HDAC6/PTPRR/TKT/GPR158/SRA1/CBLB/NPPA/HPCA/CNTN1/ACD/CAMK2N2/SNX1/TIGD3/SCG2/EGR4/ZSWIM5/SVOP/ATP6V1B2/C2CD3/ONECUT2/KCNC2/EPHA10/FMO4/FLOT2/DHRS13/PHF12/ANKRD13B/SCN8A/MID1/GNAO1/GHSR/UBE2D1/FGF18/SERPINC1/RAB37/CASKIN2/ABHD2/FBXL15/RAB11FIP4/RORC/DNMT3A/ATP6V0A1/MCEE/MPHOSPH10/SEC14L5/CPEB2/SEPHS1/INA/VSTM2L/CYB5A/PAQR4/EML2/SLC2A4RG/CYP2B6/TMEM181/SARM1/PLBD2/RNF213/L1CAM/ENOX1/MAPK7/COL5A3/RPL13/TSPAN4/TMEM121B/PPFIA3	104
GO:424	GO:424	REST_U87MG_HG19	63/3750	321/12202	0.99999800046063	0.9999999212496041	0.656591923280094	RBM45/RIMS2/ROBO3/SYNJ1/SLC7A14/SGMS1/CNRIP1/MAPK8IP1/ANXA5/EXOSC3/BSN/CYB5R4/ALK/NCDN/BICDL1/OSTM1/TRIM9/PRMT8/PTPRR/TKT/GPR158/NPPA/HPCA/DPYSL2/ACD/CAMK2N2/TIGD3/SCG2/ZSWIM5/SVOP/ATP6V1B2/ONECUT2/KCNC2/EPHA10/NENF/ANKRD13B/GHSR/FGF18/RAB37/CASKIN2/ABHD2/FBXL15/DNMT3A/ATP6V0A1/MCEE/MPHOSPH10/ANKS3/SEC14L5/MEFV/SEPHS1/INA/VSTM2L/PAQR4/TMEM181/SARM1/PLBD2/RNF213/L1CAM/ENOX1/MAPK7/COL5A3/TMEM121B/PPFIA3	63
GO:421	GO:421	REST_PANC1_HG19	86/3750	433/12202	0.9999999212496041	0.9999999212496041	0.656591923280094	RBM45/RIMS2/NRIP1/ROBO3/SYNJ1/SLC7A14/DENND1A/CNRIP1/SPAG9/MAPK8IP1/ANXA5/EXOSC3/BSN/CYB5R4/AIG1/ALK/NCDN/AGO1/RIC3/BICDL1/OSTM1/KLF11/TRIM9/PRMT8/PTPRR/TKT/GPR158/NPPA/LRP6/HPCA/DPYSL2/ACD/CAMK2N2/SNX1/TIGD3/SCG2/EGR4/ZSWIM5/DUSP1/SVOP/ATP6V1B2/ONECUT2/KCNC2/EPHA10/TNS2/ANKRD13B/SCN8A/GNAO1/GHSR/FGF18/SERPINC1/RAB37/CASKIN2/ABHD2/FBXL15/RAB11FIP4/DNMT3A/ATP6V0A1/MCEE/MPHOSPH10/ANKS3/SEC14L5/SEPHS1/PKM/INA/UBA2/VSTM2L/CPNE1/PAQR4/EML2/RAE1/TMEM181/SARM1/PLBD2/RNF213/L1CAM/PKP2/VIM/ENOX1/ENO1/MAPK7/COL5A3/NELFA/TMEM121B/PPFIA3/B4GALNT4	86
